datetime,AS61157,AS4134,AS36692,AS45028,AS137409,AS7922,AS8075,AS11340,AS21928,Remaining
2017-06-20T23:58:43Z,0,0,0,0,0,0,0,0,0,0
2017-06-21T23:59:48Z,0,0,0,0,0,0,0,0,0,0
2017-06-22T23:58:07Z,0,0,0,0,0,0,0,0,0,0
2017-06-23T23:59:48Z,0,0,0,0,0,0,0,0,0,0
2017-06-25T23:59:07Z,0,0,0,0,0,0,0,0,0,0
2017-06-26T23:57:50Z,0,0,0,0,0,0,0,0,0,0
2017-06-27T23:53:35Z,0,0,0,0,0,0,0,0,0,0
2017-06-28T23:57:17Z,0,0,0,0,0,0,0,0,0,0
2017-06-29T23:59:46Z,0,0,0,0,0,0,0,0,0,0
2017-06-30T23:53:34Z,0,0,0,0,0,0,0,0,0,0
2017-07-01T23:58:58Z,0,0,0,0,0,0,0,0,0,0
2017-07-02T23:59:46Z,0,0,0,0,0,0,0,0,0,0
2017-07-03T23:59:03Z,0,0,0,0,0,0,0,0,0,0
2017-07-04T23:59:47Z,0,0,0,0,0,0,0,0,0,0
2017-07-05T23:59:45Z,0,0,0,0,0,0,0,0,0,0
2017-07-06T23:59:45Z,0,0,0,0,0,0,0,0,0,0
2017-07-07T23:59:45Z,0,0,0,0,0,0,0,0,0,0
2017-07-08T23:59:46Z,0,0,0,0,0,0,0,0,0,0
2017-07-09T23:59:02Z,0,0,0,0,0,0,0,0,0,0
2017-07-10T23:59:47Z,0,0,0,0,0,0,0,0,0,0
2017-07-11T23:58:39Z,0,0,0,0,0,0,0,0,0,0
2017-07-12T23:59:48Z,0,0,0,0,0,0,0,0,0,0
2017-07-13T23:59:04Z,0,0,0,0,0,0,0,0,0,0
2017-07-14T23:58:39Z,0,0,0,0,0,0,0,0,0,0
2017-07-15T23:57:27Z,0,0,0,0,0,0,0,0,0,0
2017-07-16T23:58:45Z,0,0,0,0,0,0,0,0,0,0
2017-07-17T23:59:19Z,0,0,0,0,0,0,0,0,0,0
2017-07-18T23:59:47Z,0,0,0,0,0,0,0,0,0,0
2017-07-19T23:59:11Z,0,0,0,0,0,0,0,0,0,0
2017-07-20T23:58:34Z,0,0,0,0,0,0,0,0,0,0
2017-07-21T23:59:46Z,0,0,0,0,0,0,0,0,0,0
2017-07-22T23:59:45Z,0,0,0,0,0,0,0,0,0,0
2017-07-23T23:59:48Z,0,0,0,0,0,0,0,0,0,0
2017-07-24T23:59:55Z,0,0,0,0,0,0,0,0,0,0
2017-07-25T23:59:49Z,0,0,0,0,0,0,0,0,0,0
2017-07-26T23:59:49Z,0,0,0,0,0,0,0,0,0,0
2017-07-27T23:59:50Z,0,0,0,0,0,0,0,0,0,0
2017-07-28T23:59:51Z,0,0,0,0,0,0,0,0,0,0
2017-07-29T23:58:53Z,0,0,0,0,0,0,0,0,0,0
2017-07-30T23:51:54Z,0,0,0,0,0,0,0,0,0,0
2017-07-31T23:54:04Z,0,0,0,0,0,0,0,0,0,0
2017-08-01T23:57:41Z,0,0,0,0,0,0,0,0,0,0
2017-08-02T23:57:43Z,0,0,0,0,0,0,0,0,0,0
2017-08-03T23:59:11Z,0,0,0,0,0,0,0,0,0,0
2017-08-04T23:59:47Z,0,0,0,0,0,0,0,0,0,0
2017-08-05T23:58:51Z,0,0,0,0,0,0,0,0,0,0
2017-08-06T23:59:48Z,0,0,0,0,0,0,0,0,0,0
2017-08-07T23:58:47Z,0,0,0,0,0,0,0,0,0,0
2017-08-08T23:53:17Z,0,0,0,0,0,0,0,0,0,0
2017-08-09T23:59:41Z,0,0,0,0,0,0,0,0,0,0
2017-08-10T23:55:51Z,0,0,0,0,0,0,0,0,0,0
2017-08-11T23:53:16Z,0,0,0,0,0,0,0,0,0,0
2017-08-12T23:53:14Z,0,0,0,0,0,0,0,0,0,0
2017-08-13T23:53:13Z,0,0,0,0,0,0,0,0,0,0
2017-08-14T23:59:46Z,0,0,0,0,0,0,0,0,0,0
2017-08-15T23:59:41Z,0,0,0,0,0,0,0,0,0,0
2017-08-16T23:59:45Z,0,0,0,0,0,0,0,0,0,0
2017-08-17T23:53:14Z,0,1.0,0,0,0,0,0,0,0,0
2017-08-18T23:58:14Z,0,0,0,0,0,0,0,0,0,0
2017-08-19T23:58:49Z,0,0,0,0,0,0,0,0,0,0
2017-08-20T23:59:53Z,0,0,0,0,0,0,0,0,0,0
2017-08-21T23:59:54Z,0,0,0,0,0,0,0,0,0,0
2017-08-22T23:59:52Z,0,0,0,0,0,0,0,0,0,0
2017-08-23T23:59:57Z,0,0,0,0,0,0,0,0,0,0
2017-08-24T23:56:52Z,0,1.0,0,0,0,0,0,0,0,0
2017-08-25T23:59:09Z,0,0,0,0,0,0,0,0,0,0
2017-08-26T23:58:49Z,0,1.0,0,0,0,0,0,0,0,0
2017-08-27T23:53:14Z,0,0,0,0,0,0,0,0,0,0
2017-08-28T23:59:45Z,0,0,0,0,0,0,0,0,0,0
2017-08-29T23:59:48Z,0,0,0,0,0,0,0,0,0,0
2017-08-30T23:59:47Z,0,0,0,0,0,0,0,0,0,0
2017-08-31T23:57:03Z,0,0,0,0,0,0,0,0,0,0
2017-09-01T23:59:47Z,0,0,0,0,0,0,0,0,0,0
2017-09-02T23:57:41Z,0,0,0,0,0,0,0,0,0,0
2017-09-03T23:59:45Z,0,0,0,0,0,0,0,0,0,0
2017-09-04T23:59:38Z,0,0,0,0,0,0,0,0,0,0
2017-09-05T23:59:40Z,0,1.0,0,0,0,0,0,0,0,0
2017-09-06T23:57:41Z,0,0,0,0,0,0,0,0,0,0
2017-09-07T23:58:49Z,0,0,0,0,0,0,0,0,0,0
2017-09-08T23:59:44Z,0,0,0,0,0,0,0,0,0,0
2017-09-09T23:57:19Z,0,0,0,0,0,0,0,0,0,0
2017-09-10T23:59:56Z,0,0,0,0,0,0,0,0,0,0
2017-09-11T23:57:17Z,0,0,0,0,0,0,0,0,0,0
2017-09-12T23:59:36Z,0,0,0,0,0,0,0,0,0,0
2017-09-13T23:59:48Z,0,0,0,0,0,0,0,0,0,0
2017-09-14T23:57:29Z,0,0,0,0,0,0,0,0,0,0
2017-09-15T23:51:51Z,0,0,0,0,0,0,0,0,0,0
2017-09-16T23:58:42Z,0,0,0,0,0,0,0,0,0,0
2017-09-17T23:59:55Z,0,0,0,0,0,0,0,0,0,0
2017-09-18T23:59:52Z,0,0,0,0,0,0,0,0,0,0
2017-09-19T23:58:41Z,0,0,0,0,0,0,0,0,0,0
2017-09-20T23:59:53Z,0,0,0,0,0,0,0,0,0,0
2017-09-21T23:59:53Z,0,0,0,0,0,0,0,0,0,0
2017-09-22T23:57:11Z,0,1.0,0,0,0,0,0,0,0,0
2017-09-23T23:59:19Z,0,0,0,0,0,0,0,0,0,0
2017-09-24T23:59:58Z,0,0,0,0,0,0,0,0,0,0
2017-09-25T23:58:40Z,0,0,0,0,0,0,0,0,0,0
2017-09-26T23:59:54Z,0,0,0,0,0,0,0,0,0,0
2017-09-27T23:59:50Z,0,0,0,0,0,0,0,0,0,0
2017-09-28T23:59:56Z,0,1.0,0,0,0,0,0,0,0,0
2017-09-29T23:59:51Z,0,0,0,0,0,0,0,0,0,0
2017-09-30T23:59:20Z,0,0,0,0,0,0,0,0,0,0
2017-10-01T23:59:50Z,0,0,0,0,0,0,0,0,0,0
2017-10-02T23:59:51Z,0,0,0,0,0,0,0,0,0,0
2017-10-03T23:59:59Z,0,1.0,0,0,0,0,0,0,0,0
2017-10-04T23:59:14Z,0,0,0,0,0,0,0,0,0,0
2017-10-05T23:59:13Z,0,0,0,0,0,0,0,0,0,0
2017-10-06T23:59:11Z,0,0,0,0,0,0,0,0,0,0
2017-10-07T23:59:12Z,0,0,0,0,0,0,0,0,0,0
2017-10-08T23:59:48Z,0,0,0,0,0,0,0,0,0,0
2017-10-09T23:59:39Z,0,0,0,0,0,0,0,0,0,0
2017-10-10T23:59:28Z,0,0,0,0,0,0,0,0,0,0
2017-10-11T23:59:11Z,0,0,0,0,0,0,0,0,0,0
2017-10-12T23:59:43Z,0,0,0,0,0,0,0,0,0,0
2017-10-13T23:59:14Z,0,0,0,0,0,0,0,0,0,0
2017-10-14T23:59:11Z,0,0,0,0,0,0,0,0,0,0
2017-10-15T23:59:18Z,0,0,0,0,0,0,0,0,0,0
2017-10-16T23:59:43Z,0,0,0,0,0,0,0,0,0,0
2017-10-17T23:59:52Z,0,0,0,0,0,0,0,0,0,0
2017-10-18T23:59:11Z,0,0,0,0,0,0,0,0,0,0
2017-10-19T23:59:12Z,0,0,0,0,0,0,0,0,0,0
2017-10-20T23:59:13Z,0,0,0,0,0,0,0,0,0,0
2017-10-21T23:59:44Z,0,0,0,0,0,0,0,0,0,0
2017-10-22T23:59:12Z,0,0,0,0,0,0,0,0,0,0
2017-10-23T23:59:14Z,0,0,0,0,0,0,0,0,0,0
2017-10-24T23:59:13Z,0,0,0,0,0,0,0,0,0,0
2017-10-25T23:59:13Z,0,0,0,0,0,0,0,0,0,0
2017-10-26T23:59:51Z,0,0,0,0,0,0,0,0,0,0
2017-10-27T23:59:12Z,0,0,0,0,0,0,0,0,0,0
2017-10-28T23:59:53Z,0,0,0,0,0,0,0,0,0,0
2017-10-29T23:59:12Z,0,0,0,0,0,0,0,0,0,0
2017-10-30T23:59:12Z,0,0,0,0,0,0,0,0,0,0
2017-10-31T23:59:13Z,0,0,0,0,0,0,0,0,0,0
2017-11-01T23:59:44Z,0,0,0,0,0,0,0,0,0,0
2017-11-02T23:59:14Z,0,0,0,0,0,0,0,0,0,0
2017-11-03T23:59:28Z,0,0,0,0,0,0,0,0,0,0
2017-11-04T23:59:13Z,0,0,0,0,0,0,0,0,0,0
2017-11-05T23:59:11Z,0,0,0,0,0,0,0,0,0,0
2017-11-06T23:59:57Z,0,0,0,0,0,0,0,0,0,0
2017-11-07T23:59:13Z,0,0,0,0,0,0,0,0,0,0
2017-11-08T23:59:57Z,0,0,0,0,0,0,0,0,0,0
2017-11-09T23:59:50Z,0,0,0,0,0,0,0,0,0,0
2017-11-10T23:59:13Z,0,0,0,0,0,0,0,0,0,0
2017-11-11T23:59:49Z,0,0,0,0,0,0,0,0,0,0
2017-11-12T23:59:11Z,0,0,0,0,0,0,0,0,0,0
2017-11-13T23:59:14Z,0,0,0,0,0,0,0,0,0,0
2017-11-14T23:59:14Z,0,0,0,0,0,0,0,0,0,0
2017-11-15T23:59:23Z,0,0,0,0,0,0,0,0,0,0
2017-11-16T23:59:39Z,0,0,0,0,0,0,0,0,0,0
2017-11-17T23:59:53Z,0,0,0,0,0,0,0,0,0,0
2017-11-18T23:59:47Z,0,0,0,0,0,0,0,0,0,0
2017-11-19T23:59:56Z,0,0,0,0,0,0,0,0,0,0
2017-11-20T23:59:13Z,0,0,0,0,0,0,0,0,0,0
2017-11-21T23:59:55Z,0,0,0,0,0,0,0,0,0,0
2017-11-22T23:59:39Z,0,0,0,0,0,0,0,0,0,0
2017-11-23T23:59:59Z,0,0,0,0,0,0,0,0,0,0
2017-11-24T23:59:51Z,0,0,0,0,0,0,0,0,0,0
2017-11-25T23:59:14Z,0,0,0,0,0,0,0,0,0,0
2017-11-26T23:59:12Z,0,0,0,0,0,0,0,0,0,0
2017-11-27T23:59:50Z,0,0,0,0,0,0,0,0,0,0
2017-11-28T23:59:43Z,0,0,0,0,0,0,0,0,0,0
2017-11-29T23:59:55Z,0,0,0,0,0,0,0,0,0,0
2017-11-30T23:59:13Z,0,0,0,0,0,0,0,0,0,0
2017-12-01T23:59:53Z,0,0,0,0,0,0,0,0,0,0
2017-12-02T23:59:12Z,0,0,0,0,0,0,0,0,0,0
2017-12-03T23:59:59Z,0,0,0,0,0,0,0,0,0,0
2017-12-04T23:59:59Z,0,0,0,0,0,0,0,0,0,0
2017-12-05T23:59:51Z,0,0,0,0,0,0,0,0,0,0
2017-12-06T23:59:52Z,0,0,0,0,0,0,0,0,0,0
2017-12-07T23:59:53Z,0,0,0,0,0,0,0,0,0,0
2017-12-08T23:59:12Z,0,0,0,0,0,0,0,0,0,0
2017-12-09T23:59:11Z,0,0,0,0,0,0,0,0,0,0
2017-12-10T23:59:56Z,0,0,0,0,0,0,0,0,0,0
2017-12-11T23:59:44Z,0,0,0,0,0,0,0,0,0,0
2017-12-12T23:59:14Z,0,0,0,0,0,0,0,0,0,0
2017-12-13T23:59:47Z,0,0,0,0,0,0,0,0,0,0
2017-12-14T23:59:59Z,0,0,0,0,0,0,0,0,0,0
2017-12-15T23:59:45Z,0,0,0,0,0,0,0,0,0,0
2017-12-16T23:59:59Z,0,0,0,0,0,0,0,0,0,0
2017-12-17T23:59:59Z,0,0,0,0,0,0,0,0,0,0
2017-12-18T23:59:54Z,0,0,0,0,0,0,0,0,0,0
2017-12-19T23:59:46Z,0,0,0,0,0,0,0,0,0,0
2017-12-20T23:59:59Z,0,0,0,0,0,0,0,0,0,0
2017-12-21T23:59:52Z,0,0,0,0,0,0,0,0,0,0
2017-12-22T23:59:51Z,0,0,0,0,0,0,0,0,0,0
2017-12-23T23:59:59Z,0,0,0,0,0,0,0,0,0,0
2017-12-24T23:59:58Z,0,0,0,0,0,0,0,0,0,0
2017-12-25T23:59:52Z,0,0,0,0,0,0,0,0,0,0
2017-12-26T23:59:47Z,0,0,0,0,0,0,0,0,0,0
2017-12-27T23:59:58Z,0,0,0,0,0,0,0,0,0,0
2017-12-28T23:59:58Z,0,0,0,0,0,0,0,0,0,0
2017-12-29T23:59:54Z,0,0,0,0,0,0,0,0,0,0
2017-12-30T23:59:59Z,0,0,0,0,0,0,0,0,0,0
2017-12-31T23:59:58Z,0,0,0,0,0,0,0,0,0,0
2018-01-01T23:59:59Z,0,0,0,0,0,0,0,0,0,0
2018-01-02T23:59:59Z,0,0,0,0,0,0,0,0,0,0
2018-01-03T23:59:59Z,0,0,0,0,0,0,0,0,0,0
2018-01-04T23:59:53Z,0,0,0,0,0,0,0,0,0,0
2018-01-05T23:59:46Z,0,0,0,0,0,0,0,0,0,0
2018-01-06T23:59:59Z,0,0,0,0,0,0,0,0,0,0
2018-01-07T23:59:46Z,0,0,0,0,0,0,0,0,0,0
2018-01-08T23:59:51Z,0,0,0,0,0,0,0,0,0,0
2018-01-09T23:59:46Z,0,0,0,0,0,0,0,0,0,0
2018-01-10T23:59:52Z,0,0,0,0,0,0,0,0,0,0
2018-01-11T23:59:51Z,0,0,0,0,0,0,0,0,0,0
2018-01-12T23:59:58Z,0,0,0,0,0,0,0,0,0,0
2018-01-13T23:59:48Z,0,0,0,0,0,0,0,0,0,0
2018-01-14T23:59:59Z,0,0,0,0,0,0,0,0,0,0
2018-01-15T23:59:46Z,0,0,0,0,0,0,0,0,0,0
2018-01-16T23:59:53Z,0,0,0,0,0,0,0,0,0,0
2018-01-17T23:59:49Z,0,0,0,0,0,0,0,0,0,0
2018-01-18T23:59:59Z,0,0,0,0,0,0,0,0,0,0
2018-01-19T23:59:57Z,0,0,0,0,0,0,0,0,0,0
2018-01-20T23:59:54Z,0,0,0,0,0,0,0,0,0,0
2018-01-21T23:59:58Z,0,0,0,0,0,0,0,0,0,0
2018-01-22T23:59:57Z,0,0,0,0,0,0,0,0,0,0
2018-01-23T23:59:59Z,0,0,0,0,0,0,0,0,0,0
2018-01-24T23:59:54Z,0,0,0,0,0,0,0,0,0,0
2018-01-25T23:59:54Z,0,0,0,0,0,0,0,0,0,0
2018-01-26T23:59:52Z,0,0,0,0,0,0,0,0,0,0
2018-01-27T23:59:59Z,0,0,0,0,0,0,0,0,0,0
2018-01-28T23:59:51Z,0,0,0,0,0,0,0,0,0,0
2018-01-29T23:59:59Z,0,0,0,0,0,0,0,0,0,0
2018-01-30T23:59:51Z,0,0,0,0,0,0,0,0,0,0
2018-01-31T23:59:58Z,0,0,0,0,0,0,0,0,0,0
2018-02-01T23:59:59Z,0,0,0,0,0,0,0,0,0,0
2018-02-02T23:59:54Z,0,0,0,0,0,0,0,0,0,0
2018-02-03T23:59:59Z,0,0,0,0,0,0,0,0,0,0
2018-02-04T23:59:59Z,0,0,0,0,0,0,0,0,0,0
2018-02-05T23:59:56Z,0,0,0,0,0,0,0,0,0,0
2018-02-06T23:59:54Z,0,0,0,0,0,0,0,0,0,0
2018-02-07T23:59:55Z,0,0,0,0,0,0,0,0,0,0
2018-02-08T23:59:58Z,0,0,0,0,0,0,0,0,0,1.0
2018-02-09T23:59:55Z,0,0,0,0,0,0,0,0,0,0
2018-02-10T23:59:51Z,0,0,0,0,0,0,0,0,0,0
2018-02-11T23:59:53Z,0,0,0,0,0,0,0,0,0,0
2018-02-12T23:59:59Z,0,0,0,0,0,0,0,0,0,0
2018-02-13T23:59:57Z,0,0,0,0,0,0,0,0,0,0
2018-02-14T23:59:57Z,0,0,0,0,0,0,0,0,0,0
2018-02-15T23:59:52Z,0,0,0,0,0,0,0,0,0,0
2018-02-16T23:59:58Z,0,0,0,0,0,0,0,0,0,0
2018-02-17T23:59:55Z,0,0,0,0,0,0,0,0,0,0
2018-02-18T23:59:59Z,0,0,0,0,0,0,0,0,0,0
2018-02-19T23:59:57Z,0,0,0,0,0,0,0,0,0,0
2018-02-20T23:59:57Z,0,0,0,0,0,0,0,0,0,0
2018-02-21T23:59:57Z,0,0,0,0,0,0,0,0,0,0
2018-02-22T23:59:56Z,0,0,0,0,0,0,0,0,0,0
2018-02-23T23:59:59Z,0,0,0,0,0,0,0,0,0,0
2018-02-24T23:59:55Z,0,0,0,0,0,0,0,0,0,0
2018-02-25T23:59:56Z,0,0,0,0,0,0,0,0,0,0
2018-02-26T23:59:57Z,0,0,0,0,0,0,0,0,0,0
2018-02-27T23:59:56Z,0,0,0,0,0,0,0,0,0,0
2018-02-28T23:59:59Z,0,0,0,0,0,0,0,0,0,0
2018-03-01T23:59:56Z,0,0,0,0,0,0,0,0,0,0
2018-03-02T23:59:56Z,0,0,0,0,0,0,0,0,0,0
2018-03-03T23:59:59Z,0,0,0,0,0,0,0,0,0,0
2018-03-04T23:59:56Z,0,0,0,0,0,0,0,0,0,0
2018-03-05T23:59:59Z,0,0,0,0,0,0,0,0,0,0
2018-03-06T23:59:57Z,0,0,0,0,0,0,0,0,0,0
2018-03-07T23:59:56Z,0,0,0,0,0,0,0,0,0,0
2018-03-08T23:59:59Z,0,0,0,0,0,0,0,0,0,0
2018-03-09T23:59:57Z,0,0,0,0,0,0,0,0,0,0
2018-03-10T23:59:58Z,0,0,0,0,0,0,0,0,0,0
2018-03-11T23:59:59Z,0,0,0,0,0,0,0,0,0,0
2018-03-12T23:59:56Z,0,0,0,0,0,0,0,0,0,0
2018-03-13T23:59:59Z,0,0,0,0,0,0,0,0,0,0
2018-03-14T23:59:57Z,0,0,0,0,0,0,0,0,0,0
2018-03-15T23:59:55Z,0,0,0,0,0,0,0,0,0,0
2018-03-16T23:59:59Z,0,0,0,0,0,0,0,0,0,0
2018-03-17T23:59:56Z,0,0,0,0,0,0,0,0,0,0
2018-03-18T23:59:55Z,0,0,0,0,0,0,0,0,0,0
2018-03-19T23:59:55Z,0,0,0,0,0,0,0,0,0,0
2018-03-20T23:59:59Z,0,0,0,0,0,0,0,0,0,0
2018-03-21T23:59:58Z,0,0,0,0,0,0,0,0,0,0
2018-03-22T23:59:58Z,0,0,0,0,0,0,0,0,0,0
2018-03-23T23:59:57Z,0,0,0,0,0,0,0,0,0,0
2018-03-24T23:59:56Z,0,0,0,0,0,0,0,0,0,0
2018-03-25T23:59:59Z,0,0,0,0,0,0,0,0,0,0
2018-03-26T23:59:59Z,0,0,0,0,0,0,0,0,0,0
2018-03-27T23:59:56Z,0,0,0,0,0,0,0,0,0,1.0
2018-03-28T23:59:57Z,0,0,0,0,0,0,0,0,0,0
2018-03-29T23:59:59Z,0,0,0,0,0,0,0,0,0,0
2018-03-30T23:59:56Z,0,0,0,0,0,0,0,0,0,0
2018-03-31T23:59:56Z,0,0,0,0,0,0,0,0,0,0
2018-04-01T23:59:57Z,0,0,0,0,0,0,0,0,0,0
2018-04-02T23:59:57Z,0,0,0,0,0,0,0,0,0,0
2018-04-03T23:59:55Z,0,0,0,0,0,0,0,0,0,0
2018-04-04T23:59:59Z,0,0,0,0,0,0,0,0,0,0
2018-04-05T23:59:59Z,0,0,0,0,0,0,0,0,0,0
2018-04-06T23:59:58Z,0,0,0,0,0,0,0,0,0,0
2018-04-07T23:59:59Z,0,0,0,0,0,0,0,0,0,0
2018-04-08T23:59:59Z,0,0,0,0,0,0,0,0,0,0
2018-04-09T23:59:59Z,0,0,0,0,0,0,0,0,0,1.0
2018-04-10T23:59:59Z,0,0,0,0,0,0,0,0,0,0
2018-04-11T23:59:59Z,0,0,0,0,0,0,0,0,0,0
2018-04-12T23:59:59Z,0,0,0,0,0,0,0,0,0,0
2018-04-13T23:59:58Z,0,0,0,0,0,0,0,0,0,0
2018-04-14T23:59:59Z,0,0,0,0,0,0,0,0,0,0
2018-04-15T23:59:59Z,0,0,0,0,0,0,0,0,0,0
2018-04-16T23:59:59Z,0,0,0,0,0,0,0,0,0,0
2018-04-17T23:59:59Z,0,0,0,0,0,0,0,0,0,0
2018-04-18T23:59:59Z,0,0,0,0,0,0,0,0,0,0
2018-04-19T23:59:59Z,0,0,0,0,0,0,0,0,0,0
2018-04-20T23:59:59Z,0,0,0,0,0,0,0,0,0,0
2018-04-21T23:59:59Z,0,0,0,0,0,0,0,0,0,0
2018-04-22T23:59:59Z,0,0,0,0,0,0,0,0,0,0
2018-04-23T23:59:59Z,0,0,0,0,0,0,0,0,0,1.0
2018-04-24T23:59:59Z,0,0,0,0,0,0,0,0,0,0
2018-04-25T23:59:59Z,0,0,0,0,0,0,0,0,0,0
2018-04-26T23:59:59Z,0,0,0,0,0,0,0,0,0,0
2018-04-27T23:59:59Z,0,0,0,0,0,0,0,0,0,0
2018-04-28T23:59:59Z,0,0,0,0,0,0,0,0,0,0
2018-04-29T23:59:59Z,0,0,0,0,0,0,0,0,0,0
2018-04-30T23:59:59Z,0,0,0,0,0,0,0,0,0,1.0
2018-05-01T23:59:59Z,0,0,0,0,0,0,0,0,0,0
2018-05-02T23:59:59Z,0,0,0,0,0,0,0,0,0,0
2018-05-03T23:59:59Z,2.0,0,0,0,0,0,0,0,0,0
2018-05-04T23:59:59Z,0,0,0,0,0,0,0,0,0,0
2018-05-05T23:59:59Z,0,0,0,0,0,0,0,0,0,0
2018-05-06T23:59:59Z,0,0,0,0,0,0,0,0,0,0
2018-05-07T23:59:59Z,0,0,0,0,0,0,0,0,0,0
2018-05-08T23:59:59Z,1.0,0,0,0,0,0,0,0,0,0
2018-05-09T23:59:59Z,0,0,0,0,0,0,0,0,0,0
2018-05-10T23:59:59Z,0,0,0,0,0,0,0,0,0,0
2018-05-11T23:59:59Z,0,0,0,0,0,0,0,0,0,1.0
2018-05-12T23:59:59Z,0,0,0,0,0,0,0,0,0,0
2018-05-13T23:59:59Z,0,0,0,0,0,0,0,0,0,0
2018-05-14T23:59:59Z,0,0,0,0,0,0,0,0,0,0
2018-05-15T23:59:59Z,0,0,0,0,0,0,0,0,0,0
2018-05-16T23:59:59Z,0,0,0,0,0,0,0,0,0,0
2018-05-17T23:59:59Z,0,0,0,0,0,0,0,0,0,0
2018-05-18T23:59:59Z,0,0,0,0,0,0,0,0,0,1.0
2018-05-19T23:59:59Z,0,0,0,0,0,0,0,0,0,0
2018-05-20T23:59:59Z,0,0,0,0,0,0,0,0,0,0
2018-05-21T23:59:59Z,0,0,0,0,0,0,0,0,0,0
2018-05-22T23:59:59Z,0,0,0,0,0,0,0,0,0,0
2018-05-23T23:59:59Z,0,0,0,0,0,0,0,0,0,0
2018-05-24T23:59:59Z,1.0,0,0,0,0,0,0,0,0,0
2018-05-25T23:59:59Z,0,0,0,0,0,0,0,0,0,0
2018-05-26T23:59:59Z,0,0,0,0,0,0,0,0,0,0
2018-05-27T23:59:59Z,0,0,0,0,0,0,0,0,0,1.0
2018-05-28T23:59:59Z,0,0,0,0,0,0,0,0,0,0
2018-05-29T23:59:59Z,0,0,0,0,0,0,0,0,0,0
2018-05-30T23:59:59Z,0,0,0,0,0,0,0,0,0,0
2018-05-31T23:59:59Z,0,0,0,0,0,0,0,0,0,0
2018-06-01T23:59:59Z,0,0,0,0,0,0,0,0,0,0
2018-06-02T23:59:59Z,0,0,0,0,0,0,0,0,0,0
2018-06-03T23:59:59Z,0,0,0,0,0,0,0,0,0,0
2018-06-04T23:59:59Z,0,0,0,0,0,0,0,0,0,0
2018-06-05T23:59:59Z,0,0,0,0,0,0,0,0,0,0
2018-06-06T23:59:59Z,0,0,0,0,0,0,0,0,0,0
2018-06-07T23:59:59Z,0,0,0,0,0,0,0,0,0,0
2018-06-08T23:59:59Z,0,0,0,0,0,0,0,0,0,0
2018-06-09T23:59:59Z,0,0,0,0,0,0,0,0,0,0
2018-06-10T23:59:59Z,0,0,0,0,0,0,0,0,0,0
2018-06-11T23:59:59Z,0,0,0,0,0,0,0,0,0,0
2018-06-12T23:59:59Z,0,0,0,0,0,0,0,0,0,0
2018-06-13T23:59:59Z,0,0,0,0,0,0,0,0,0,0
2018-06-14T23:59:59Z,0,0,0,0,0,0,0,0,0,0
2018-06-15T23:59:59Z,0,0,0,0,0,0,0,0,0,1.0
2018-06-16T23:59:59Z,0,0,0,0,0,0,0,0,0,0
2018-06-17T23:59:59Z,0,0,0,0,0,0,0,0,0,1.0
2018-06-18T23:59:59Z,0,0,0,0,0,0,0,0,0,0
2018-06-19T23:59:59Z,0,0,0,0,0,0,0,0,0,0
2018-06-20T23:59:59Z,0,0,0,0,0,0,0,0,0,0
2018-06-21T23:59:59Z,0,0,0,0,0,0,0,0,0,1.0
2018-06-22T23:59:59Z,0,0,0,0,0,0,0,0,0,0
2018-06-23T23:59:59Z,0,0,0,0,0,0,0,0,0,0
2018-06-24T23:59:59Z,0,0,0,0,0,0,0,0,0,0
2018-06-25T23:59:59Z,0,0,0,0,0,0,0,0,0,0
2018-06-26T23:59:59Z,0,0,0,0,0,0,0,0,0,1.0
2018-06-27T23:59:59Z,0,0,0,0,0,0,0,0,0,0
2018-06-28T23:59:59Z,0,0,0,0,0,0,0,0,0,0
2018-06-29T23:59:59Z,0,0,0,0,0,0,0,0,0,0
2018-06-30T23:59:59Z,0,0,0,0,0,0,0,0,0,0
2018-07-01T23:59:59Z,1.0,0,0,0,0,0,0,0,0,0
2018-07-02T23:59:59Z,0,0,0,0,0,0,0,0,0,0
2018-07-03T23:59:59Z,0,0,0,0,0,0,0,0,0,0
2018-07-04T23:59:59Z,1.0,0,0,0,0,0,0,0,0,0
2018-07-05T23:59:59Z,0,0,0,0,0,0,0,0,0,0
2018-07-06T23:59:59Z,0,0,0,0,0,0,0,0,0,0
2018-07-07T23:59:59Z,0,0,0,0,0,0,0,0,0,0
2018-07-08T23:59:59Z,0,0,0,0,0,0,0,0,0,0
2018-07-09T23:59:59Z,0,0,0,0,0,0,0,0,0,0
2018-07-10T23:59:59Z,0,0,0,0,0,0,0,0,0,0
2018-07-11T23:59:59Z,0,0,0,0,0,0,0,0,0,0
2018-07-12T23:59:59Z,0,0,0,0,0,0,0,0,0,0
2018-07-13T23:59:59Z,0,0,0,0,0,0,0,0,0,0
2018-07-14T23:59:59Z,0,0,0,0,0,0,0,0,0,0
2018-07-15T23:59:59Z,0,0,0,0,0,0,0,0,0,0
2018-07-16T23:59:59Z,0,0,0,0,0,0,0,0,0,0
2018-07-17T23:59:59Z,0,0,0,0,0,0,0,0,0,0
2018-07-18T23:59:59Z,0,0,0,0,0,0,0,0,0,0
2018-07-19T23:59:59Z,0,0,0,0,0,0,0,0,0,0
2018-07-20T23:59:59Z,0,0,0,0,0,0,0,0,0,0
2018-07-21T23:59:59Z,0,0,0,0,0,0,0,0,0,0
2018-07-22T23:59:59Z,0,0,0,0,0,0,0,0,0,0
2018-07-23T23:59:59Z,0,0,0,0,0,0,0,0,0,0
2018-07-24T23:59:59Z,0,0,0,0,0,0,0,0,0,0
2018-07-25T23:59:59Z,0,0,0,0,0,0,0,0,0,0
2018-07-26T23:59:59Z,0,0,0,0,0,0,0,0,0,0
2018-07-27T23:59:59Z,0,0,0,0,0,0,0,0,0,0
2018-07-28T23:59:59Z,0,0,0,0,0,0,0,0,0,0
2018-07-29T23:59:59Z,0,0,0,0,0,0,0,0,0,0
2018-07-30T23:59:59Z,0,0,0,0,0,0,0,0,0,0
2018-07-31T23:59:59Z,0,0,0,0,0,0,0,0,0,0
2018-08-01T23:59:59Z,0,0,0,0,0,0,0,0,0,0
2018-08-02T23:59:59Z,0,0,0,0,0,0,0,0,0,0
2018-08-03T23:59:59Z,0,0,0,0,0,0,0,0,0,0
2018-08-04T23:59:59Z,1.0,0,0,0,0,0,0,0,0,0
2018-08-05T23:59:59Z,0,0,0,0,0,0,0,0,0,0
2018-08-06T23:59:59Z,0,0,0,0,0,0,0,0,0,0
2018-08-07T23:59:59Z,0,0,0,0,0,0,0,0,0,0
2018-08-08T23:59:59Z,0,0,0,0,0,0,0,0,0,0
2018-08-09T23:59:59Z,0,0,0,0,0,0,0,0,0,0
2018-08-10T23:59:59Z,0,0,0,0,0,0,0,0,0,0
2018-08-11T23:59:59Z,0,0,0,0,0,0,0,0,0,0
2018-08-12T23:59:58Z,0,0,0,0,0,0,0,0,0,0
2018-08-13T23:59:59Z,0,0,0,0,0,0,0,0,0,0
2018-08-14T23:59:59Z,0,0,0,0,0,0,0,0,0,0
2018-08-15T23:59:59Z,0,0,0,0,0,0,0,0,0,0
2018-08-16T23:59:59Z,0,0,0,0,0,0,0,0,0,0
2018-08-17T23:59:59Z,1.0,0,0,0,0,0,0,0,0,0
2018-08-18T23:59:59Z,0,0,0,0,0,0,0,0,0,0
2018-08-19T23:59:59Z,0,0,0,0,0,0,0,0,0,0
2018-08-20T23:59:59Z,0,0,0,0,0,0,0,0,0,0
2018-08-21T23:59:59Z,0,0,0,0,0,0,0,0,0,0
2018-08-22T23:59:59Z,1.0,0,0,0,0,0,0,0,0,0
2018-08-23T23:59:59Z,0,0,0,0,0,0,0,0,0,0
2018-08-24T23:59:59Z,0,0,0,0,0,0,0,0,0,0
2018-08-25T23:59:59Z,0,0,0,0,0,0,0,0,0,0
2018-08-26T23:59:59Z,0,0,0,0,0,0,0,0,0,0
2018-08-27T23:59:59Z,0,1.0,0,0,0,0,0,0,0,0
2018-08-28T23:59:59Z,0,1.0,0,0,0,0,0,0,0,0
2018-08-29T23:59:59Z,0,2.0,0,0,0,0,0,0,0,0
2018-08-30T23:59:59Z,0,1.0,0,0,0,0,0,0,0,0
2018-08-31T23:59:59Z,0,1.0,0,0,0,0,0,0,0,0
2018-09-01T23:59:59Z,0,1.0,0,0,0,0,0,0,0,0
2018-09-02T23:59:59Z,0,1.0,0,0,0,0,0,0,0,0
2018-09-03T23:59:59Z,0,1.0,0,0,0,0,0,0,0,0
2018-09-04T23:59:59Z,0,1.0,0,0,0,0,0,0,0,0
2018-09-05T23:59:59Z,0,2.0,0,0,0,0,0,0,0,0
2018-09-06T23:59:59Z,1.0,2.0,0,0,0,0,0,0,0,0
2018-09-07T23:59:59Z,0,2.0,0,0,0,0,0,0,0,0
2018-09-08T23:59:59Z,0,1.0,0,0,0,0,0,0,0,0
2018-09-09T23:59:59Z,0,1.0,0,0,0,0,0,0,0,0
2018-09-10T23:59:59Z,0,1.0,0,0,0,0,0,0,0,0
2018-09-11T23:59:59Z,0,1.0,0,0,0,0,0,0,0,0
2018-09-12T23:59:59Z,0,1.0,0,0,0,0,0,0,0,0
2018-09-13T23:59:59Z,0,2.0,0,0,0,0,0,0,0,0
2018-09-14T23:59:59Z,0,1.0,0,0,0,0,0,0,0,0
2018-09-15T23:59:59Z,0,1.0,0,0,0,0,0,0,0,0
2018-09-16T23:59:59Z,0,1.0,0,0,0,0,0,0,0,0
2018-09-17T23:59:59Z,0,1.0,0,0,0,0,0,0,0,0
2018-09-18T23:59:59Z,0,2.0,0,0,0,0,0,0,0,1.0
2018-09-19T23:59:59Z,0,2.0,0,0,0,0,0,0,0,0
2018-09-20T23:59:59Z,0,1.0,0,0,0,0,0,0,0,0
2018-09-21T23:59:59Z,1.0,1.0,0,0,0,0,0,0,0,0
2018-09-22T23:59:59Z,0,1.0,0,0,0,0,0,0,0,0
2018-09-23T23:59:59Z,0,1.0,0,0,0,0,0,0,0,0
2018-09-24T23:59:59Z,0,1.0,0,0,0,0,0,0,0,0
2018-09-25T23:59:59Z,0,1.0,0,0,0,0,0,0,0,0
2018-09-26T23:59:59Z,0,2.0,0,0,0,0,0,0,0,0
2018-09-27T23:59:59Z,0,1.0,0,0,0,0,0,0,0,0
2018-09-28T23:59:59Z,0,1.0,0,0,0,0,0,0,0,0
2018-09-29T23:59:59Z,0,1.0,0,0,0,0,0,0,0,0
2018-09-30T23:59:59Z,0,1.0,0,0,0,0,0,0,0,0
2018-10-01T23:59:59Z,0,2.0,0,0,0,0,0,0,0,0
2018-10-02T23:59:59Z,0,1.0,0,0,0,0,0,0,0,0
2018-10-03T23:59:59Z,0,1.0,0,0,0,0,0,0,0,0
2018-10-04T23:59:59Z,0,1.0,0,0,0,0,0,0,0,0
2018-10-05T23:59:59Z,0,1.0,0,0,0,0,0,0,0,0
2018-10-06T23:59:59Z,0,1.0,0,0,0,0,0,0,0,0
2018-10-07T23:59:59Z,0,1.0,0,0,0,0,0,0,0,0
2018-10-08T23:59:59Z,0,1.0,0,0,0,0,0,0,0,0
2018-10-09T23:59:59Z,0,1.0,0,0,0,0,0,0,0,0
2018-10-10T23:59:59Z,0,1.0,0,0,0,0,0,0,0,0
2018-10-11T23:59:59Z,0,1.0,0,0,0,0,0,0,0,0
2018-10-12T23:59:59Z,0,1.0,0,0,0,0,0,0,0,1.0
2018-10-13T23:59:59Z,0,1.0,0,0,0,0,0,0,0,0
2018-10-14T23:59:59Z,0,2.0,0,0,0,0,0,0,0,0
2018-10-15T23:59:59Z,0,1.0,0,0,0,0,0,0,0,0
2018-10-16T23:59:59Z,1.0,2.0,0,0,0,0,0,0,0,0
2018-10-17T23:59:59Z,0,1.0,0,0,0,0,0,0,0,0
2018-10-18T23:59:59Z,0,2.0,0,0,0,0,0,0,0,0
2018-10-19T23:59:59Z,0,1.0,0,0,0,0,0,0,0,1.0
2018-10-20T23:59:59Z,0,2.0,0,0,0,0,0,0,0,0
2018-10-21T23:59:59Z,0,1.0,0,0,0,0,0,0,0,0
2018-10-22T23:59:59Z,0,1.0,0,0,0,0,0,0,0,0
2018-10-23T23:59:59Z,0,1.0,0,0,0,0,0,0,0,1.0
2018-10-24T23:59:59Z,0,2.0,0,0,0,0,0,0,0,0
2018-10-25T23:59:59Z,0,2.0,0,0,0,0,0,0,0,1.0
2018-10-26T23:59:59Z,0,1.0,0,0,0,0,0,0,0,0
2018-10-27T23:59:59Z,0,0,0,0,0,0,0,0,0,0
2018-10-28T23:59:59Z,2.0,0,0,0,0,0,0,0,0,0
2018-10-29T23:59:59Z,0,0,0,0,0,0,0,0,0,0
2018-10-30T23:59:59Z,0,0,0,0,0,0,0,0,0,1.0
2018-10-31T23:59:59Z,0,1.0,0,0,0,0,0,0,0,0
2018-11-01T23:59:59Z,0,1.0,0,0,0,0,0,0,0,1.0
2018-11-02T23:59:59Z,0,1.0,0,0,0,0,0,0,0,0
2018-11-03T23:59:59Z,2.0,1.0,0,0,0,0,0,0,0,1.0
2018-11-04T23:59:59Z,0,1.0,0,0,0,0,0,0,0,0
2018-11-05T23:59:59Z,0,0,0,0,0,0,0,0,0,1.0
2018-11-06T23:59:59Z,0,0,0,0,0,0,0,0,0,1.0
2018-11-07T23:59:59Z,0,1.0,0,0,0,0,0,0,0,0
2018-11-08T23:59:59Z,0,0,0,0,0,0,0,0,0,0
2018-11-09T23:59:59Z,0,0,0,0,0,0,0,0,0,1.0
2018-11-10T23:59:59Z,0,0,0,0,0,0,0,0,0,0
2018-11-11T23:59:59Z,2.0,0,0,0,0,0,0,0,0,0
2018-11-12T23:59:59Z,0,0,0,0,0,0,0,0,0,0
2018-11-13T23:59:59Z,0,0,0,0,0,0,0,0,0,1.0
2018-11-14T23:59:59Z,0,0,0,0,0,0,0,0,0,0
2018-11-15T23:59:59Z,0,0,0,0,0,0,0,0,0,1.0
2018-11-16T23:59:59Z,0,0,0,0,0,0,0,0,0,1.0
2018-11-17T23:59:59Z,0,1.0,0,0,0,0,0,0,0,0
2018-11-18T23:59:59Z,0,1.0,0,0,0,0,0,0,0,0
2018-11-19T23:59:59Z,0,0,0,0,0,0,0,0,0,0
2018-11-20T23:59:59Z,2.0,0,0,0,0,0,0,0,0,0
2018-11-21T23:59:59Z,0,0,0,0,0,0,0,0,0,0
2018-11-22T23:59:59Z,2.0,1.0,0,0,0,0,0,0,0,0
2018-11-23T23:59:59Z,0,0,0,0,0,0,0,0,0,0
2018-11-24T23:59:59Z,2.0,2.0,0,0,0,0,0,0,0,0
2018-11-25T23:59:59Z,2.0,1.0,0,0,0,0,0,0,0,0
2018-11-26T23:59:59Z,0,1.0,0,0,0,0,0,0,0,0
2018-11-27T23:59:59Z,0,1.0,0,0,0,0,0,0,0,0
2018-11-28T23:59:59Z,2.0,0,0,0,0,0,0,0,0,0
2018-11-29T23:59:59Z,0,0,0,0,0,0,0,0,0,0
2018-11-30T23:59:59Z,0,0,0,0,0,0,0,0,0,0
2018-12-01T23:59:59Z,0,0,0,0,0,0,0,0,0,0
2018-12-02T23:59:59Z,0,0,0,0,0,0,0,0,0,0
2018-12-03T23:59:59Z,0,0,0,0,0,0,0,0,0,0
2018-12-04T23:59:59Z,0,0,0,0,0,0,0,0,0,1.0
2018-12-05T23:59:59Z,0,0,0,0,0,0,0,0,0,0
2018-12-06T23:59:59Z,0,0,0,0,0,0,0,0,0,0
2018-12-07T23:59:59Z,0,0,0,0,0,0,0,0,0,0
2018-12-08T23:59:59Z,0,0,0,0,0,0,0,0,0,0
2018-12-09T23:59:59Z,0,0,0,0,0,0,0,0,0,0
2018-12-10T23:59:59Z,2.0,0,0,0,0,0,0,0,0,0
2018-12-11T23:59:59Z,4.0,0,0,0,0,0,0,0,0,0
2018-12-12T23:59:59Z,2.0,0,0,0,0,0,0,0,0,0
2018-12-13T23:59:59Z,4.0,0,0,0,0,0,0,0,0,0
2018-12-14T23:59:59Z,0,0,0,0,0,0,0,0,0,0
2018-12-15T23:59:59Z,2.0,0,0,0,0,0,0,0,0,0
2018-12-16T23:59:59Z,2.0,0,0,0,0,0,0,0,0,0
2018-12-17T23:59:59Z,0,0,0,0,0,0,0,0,0,0
2018-12-18T23:59:59Z,0,0,0,0,0,0,0,0,0,0
2018-12-19T23:59:59Z,0,0,0,0,0,0,0,0,0,0
2018-12-20T23:59:59Z,0,0,0,0,0,0,0,0,0,0
2018-12-21T23:59:59Z,0,0,0,0,0,0,0,0,0,0
2018-12-22T23:59:59Z,3.0,0,0,0,0,0,0,0,0,0
2018-12-23T23:59:59Z,0,0,0,0,0,0,0,0,0,0
2018-12-24T23:59:59Z,0,0,0,0,0,0,0,0,0,0
2018-12-25T23:59:59Z,2.0,0,0,0,0,0,0,0,0,0
2018-12-26T23:59:59Z,0,0,0,0,0,0,0,0,0,0
2018-12-27T23:59:59Z,0,0,0,0,0,0,0,0,0,0
2018-12-28T23:59:59Z,0,0,0,0,0,0,0,0,0,0
2018-12-29T23:59:59Z,0,0,0,0,0,0,0,0,0,0
2018-12-30T23:59:59Z,0,0,0,1.0,0,0,0,0,0,0
2018-12-31T23:59:59Z,0,0,0,0,0,0,0,0,0,0
2019-01-01T23:59:59Z,2.0,0,0,0,0,0,0,0,0,0
2019-01-02T23:59:59Z,0,0,0,0,0,0,0,0,0,0
2019-01-03T23:59:59Z,2.0,0,0,0,0,0,0,0,0,0
2019-01-04T23:59:59Z,2.0,0,0,0,0,0,0,0,0,0
2019-01-05T23:59:59Z,0,0,0,0,0,0,0,0,0,0
2019-01-06T23:59:59Z,0,0,0,0,0,0,0,0,0,0
2019-01-07T23:59:59Z,0,0,0,0,0,0,0,0,0,0
2019-01-08T23:59:59Z,2.0,0,0,0,0,0,0,0,0,0
2019-01-09T23:59:59Z,0,0,0,0,0,0,0,0,0,0
2019-01-10T23:59:59Z,0,0,0,0,0,0,0,0,0,0
2019-01-11T23:59:59Z,0,0,0,1.0,0,0,0,0,0,0
2019-01-12T23:59:59Z,2.0,0,0,0,0,0,0,0,0,0
2019-01-13T23:59:59Z,0,0,0,0,0,0,0,0,0,0
2019-01-14T23:59:59Z,0,0,0,0,0,0,0,0,0,0
2019-01-15T23:59:59Z,0,0,0,0,0,0,0,0,0,0
2019-01-16T23:59:59Z,0,0,0,0,0,0,0,0,0,0
2019-01-17T23:59:59Z,2.0,0,0,0,0,0,0,0,0,0
2019-01-18T23:59:59Z,0,0,0,0,0,0,0,0,0,0
2019-01-19T23:59:59Z,0,0,0,0,0,0,0,0,0,0
2019-01-20T23:59:59Z,2.0,0,0,0,0,0,0,0,0,1.0
2019-01-21T23:59:59Z,0,0,0,0,0,0,0,0,0,0
2019-01-22T23:59:59Z,2.0,0,0,0,0,0,0,0,0,0
2019-01-23T23:59:59Z,0,0,0,1.0,0,0,0,0,0,0
2019-01-24T23:59:59Z,0,0,0,1.0,0,0,0,0,0,0
2019-01-25T23:59:59Z,0,0,0,0,0,0,0,0,0,0
2019-01-26T23:59:59Z,0,0,0,0,0,0,0,0,0,0
2019-01-27T23:59:59Z,0,0,0,0,0,0,0,0,0,0
2019-01-28T23:59:59Z,0,0,0,0,0,0,0,0,0,0
2019-01-29T23:59:59Z,0,0,0,0,0,0,0,0,0,0
2019-01-30T23:59:59Z,0,0,0,1.0,0,0,0,0,0,0
2019-01-31T23:59:59Z,0,0,0,1.0,0,0,0,0,0,0
2019-02-01T23:59:59Z,0,0,0,0,0,0,0,0,0,0
2019-02-02T23:59:59Z,0,0,0,0,0,0,0,0,0,0
2019-02-03T23:59:59Z,0,0,0,0,0,0,0,0,0,0
2019-02-04T23:59:59Z,0,0,0,0,0,0,0,0,0,0
2019-02-05T23:59:59Z,0,0,0,0,0,0,0,0,0,0
2019-02-06T23:59:59Z,3.0,0,0,1.0,0,0,0,0,0,1.0
2019-02-07T23:59:59Z,0,0,0,0,0,0,0,0,0,0
2019-02-08T23:59:59Z,1.0,0,0,0,0,0,0,0,0,0
2019-02-09T23:59:59Z,2.0,0,0,0,0,0,0,0,0,0
2019-02-10T23:59:59Z,2.0,0,0,0,0,0,0,0,0,0
2019-02-11T23:59:59Z,0,0,0,0,0,0,0,0,0,0
2019-02-12T23:59:59Z,0,0,0,0,0,0,0,0,0,0
2019-02-13T23:59:59Z,1.0,0,0,0,0,0,0,0,0,0
2019-02-14T23:59:59Z,0,0,0,0,0,0,0,0,0,0
2019-02-15T23:59:59Z,0,0,0,0,0,0,0,0,0,0
2019-02-16T23:59:59Z,0,0,0,0,0,0,0,0,0,0
2019-02-17T23:59:59Z,0,0,0,0,0,0,0,0,0,0
2019-02-18T23:59:59Z,0,0,0,0,0,0,0,0,0,0
2019-02-19T23:59:59Z,0,0,0,0,0,0,0,0,0,0
2019-02-20T23:59:59Z,3.0,0,0,0,0,0,0,0,0,0
2019-02-21T23:59:59Z,2.0,0,0,1.0,0,0,0,0,0,0
2019-02-22T23:59:59Z,3.0,0,0,0,0,0,0,0,0,0
2019-02-23T23:59:59Z,2.0,0,0,0,0,0,0,0,0,0
2019-02-24T23:59:59Z,3.0,0,0,0,0,0,0,0,0,0
2019-02-25T23:59:59Z,2.0,0,0,0,0,0,0,0,0,0
2019-02-26T23:59:59Z,1.0,0,0,0,0,0,0,0,0,0
2019-02-27T23:59:59Z,1.0,0,0,0,0,0,0,0,0,0
2019-02-28T23:59:59Z,5.0,0,0,0,0,0,0,0,0,0
2019-03-01T23:59:59Z,5.0,0,0,0,0,0,0,0,0,0
2019-03-02T23:59:59Z,6.0,0,0,0,0,0,0,0,0,0
2019-03-03T23:59:59Z,7.0,0,0,0,0,0,0,0,0,0
2019-03-04T23:59:59Z,7.0,0,0,0,0,0,0,0,0,0
2019-03-05T23:59:59Z,9.0,0,0,0,0,0,0,0,0,0
2019-03-06T23:59:59Z,8.0,0,0,0,0,0,0,0,0,0
2019-03-07T23:59:59Z,6.0,0,0,0,0,0,0,0,0,0
2019-03-08T23:59:59Z,10.0,0,0,0,0,0,0,0,0,0
2019-03-09T23:59:59Z,7.0,0,0,0,0,0,0,0,0,0
2019-03-10T23:59:59Z,6.0,0,0,0,0,0,0,0,0,0
2019-03-11T23:59:59Z,10.0,0,0,0,0,0,0,0,0,0
2019-03-12T23:59:59Z,12.0,0,0,0,0,0,0,0,0,0
2019-03-13T23:59:59Z,16.0,0,0,0,0,0,0,0,0,0
2019-03-14T23:59:59Z,35.0,0,0,0,0,0,0,0,0,0
2019-03-15T23:59:59Z,91.0,0,0,0,0,0,0,0,0,0
2019-03-16T23:59:59Z,92.0,0,0,0,0,0,0,0,0,0
2019-03-17T23:59:59Z,91.0,0,0,0,0,0,0,0,0,0
2019-03-18T23:59:59Z,93.0,0,0,0,0,0,0,0,0,0
2019-03-19T23:59:59Z,90.0,0,0,0,0,0,0,0,0,0
2019-03-20T23:59:59Z,93.0,0,0,0,0,0,0,0,0,0
2019-03-21T23:59:59Z,92.0,0,0,0,0,0,0,0,0,0
2019-03-22T23:59:59Z,90.0,0,0,0,0,0,0,0,0,0
2019-03-23T23:59:59Z,92.0,0,0,0,0,0,0,0,0,0
2019-03-24T23:59:59Z,95.0,0,0,1.0,0,0,0,0,0,0
2019-03-25T23:59:59Z,93.0,0,0,0,0,0,0,0,0,0
2019-03-26T23:59:59Z,93.0,0,0,0,0,0,0,0,0,0
2019-03-27T23:59:59Z,93.0,0,0,0,0,0,0,0,0,0
2019-03-28T23:59:59Z,93.0,0,0,0,0,0,0,0,0,0
2019-03-29T23:59:57Z,93.0,0,0,0,0,0,0,0,0,0
2019-03-30T23:59:59Z,93.0,0,0,0,0,0,0,0,0,0
2019-03-31T23:59:59Z,93.0,0,0,0,0,0,0,0,0,0
2019-04-01T23:59:59Z,97.0,0,0,0,0,0,0,0,0,0
2019-04-02T23:59:59Z,94.0,0,0,0,0,0,0,0,0,0
2019-04-03T23:59:59Z,97.0,0,0,0,0,0,0,0,0,0
2019-04-04T23:59:59Z,97.0,0,0,0,0,0,0,0,0,0
2019-04-05T23:59:59Z,94.0,0,0,0,0,0,0,0,0,0
2019-04-06T23:59:59Z,94.0,0,0,0,0,0,0,0,0,0
2019-04-07T23:59:59Z,96.0,0,0,0,0,0,0,0,0,0
2019-04-08T23:59:59Z,97.0,0,0,0,0,0,0,0,0,0
2019-04-09T23:59:59Z,91.0,0,0,0,0,0,0,0,0,0
2019-04-10T23:59:59Z,95.0,0,0,0,0,0,0,0,0,0
2019-04-11T23:59:59Z,96.0,0,0,0,0,0,0,0,0,0
2019-04-12T23:59:59Z,92.0,0,0,0,0,0,0,0,0,0
2019-04-13T23:59:59Z,91.0,0,0,0,0,0,0,0,0,0
2019-04-14T23:59:59Z,91.0,0,0,0,0,0,0,0,0,0
2019-04-15T23:59:59Z,113.0,0,0,0,0,0,0,0,0,1.0
2019-04-16T23:59:59Z,116.0,0,0,0,0,0,0,0,0,0
2019-04-17T23:59:59Z,111.0,0,0,0,0,0,0,0,0,0
2019-04-18T23:59:59Z,98.0,0,0,0,0,0,0,0,0,0
2019-04-19T23:59:59Z,97.0,0,0,0,0,0,0,0,0,0
2019-04-20T23:59:59Z,100.0,0,0,0,0,0,0,0,0,0
2019-04-21T23:59:59Z,97.0,0,0,0,0,0,0,0,0,0
2019-04-22T23:59:59Z,96.0,0,0,0,0,0,0,0,0,0
2019-04-23T23:59:59Z,0,0,0,0,0,0,0,0,0,0
2019-04-24T23:59:59Z,0,0,0,0,0,0,0,0,0,0
2019-04-25T23:59:59Z,0,0,0,0,0,0,0,0,0,0
2019-04-26T23:59:59Z,0,0,0,0,0,0,0,0,0,0
2019-04-27T23:59:59Z,0,0,0,0,0,0,0,0,0,0
2019-04-28T23:59:59Z,0,0,0,0,0,0,0,0,0,0
2019-04-29T23:59:59Z,0,0,0,0,0,0,0,0,0,0
2019-04-30T23:59:59Z,0,0,0,0,0,0,0,0,0,0
2019-05-01T23:59:59Z,0,0,0,0,0,0,0,0,0,0
2019-05-02T23:59:59Z,0,0,0,0,0,0,0,0,0,0
2019-05-03T23:59:59Z,0,0,0,0,0,0,0,0,0,0
2019-05-04T23:59:59Z,0,0,0,0,0,0,0,0,0,0
2019-05-05T23:59:59Z,0,0,0,0,0,0,0,0,0,0
2019-05-06T23:59:59Z,0,0,0,0,0,0,0,0,0,0
2019-05-07T23:59:59Z,0,0,0,0,0,0,0,0,0,0
2019-05-08T23:59:59Z,0,0,0,0,0,0,0,0,0,0
2019-05-09T23:59:59Z,0,0,0,0,0,0,0,0,0,0
2019-05-10T23:59:59Z,0,0,0,0,0,0,0,0,0,0
2019-05-11T23:59:59Z,0,0,0,0,0,0,0,0,0,0
2019-05-12T23:59:59Z,0,0,0,0,0,0,0,0,0,0
2019-05-13T23:59:59Z,0,0,0,0,0,0,0,0,0,0
2019-05-14T23:59:59Z,0,0,0,0,0,0,0,0,0,0
2019-05-15T23:59:59Z,0,0,0,0,0,0,0,0,0,0
2019-05-16T23:59:59Z,0,0,0,0,0,0,0,0,0,0
2019-05-17T23:59:59Z,0,0,0,0,0,0,0,0,0,0
2019-05-18T23:59:59Z,0,0,0,0,0,0,0,0,0,0
2019-05-19T23:55:58Z,0,0,0,0,0,0,0,0,0,0
2019-05-20T23:59:59Z,0,0,0,0,0,0,0,0,0,0
2019-05-21T23:59:59Z,0,0,0,0,0,0,0,0,0,0
2019-05-22T23:59:59Z,0,0,0,0,0,0,0,0,0,0
2019-05-23T23:59:59Z,0,0,0,0,0,0,0,0,0,0
2019-05-24T23:59:59Z,0,0,0,0,0,0,0,0,0,0
2019-05-25T23:59:59Z,0,0,0,0,0,0,0,0,0,0
2019-05-26T23:59:59Z,0,0,0,0,0,0,0,0,0,1.0
2019-05-27T23:59:59Z,0,0,0,0,0,0,0,0,0,0
2019-05-28T23:59:59Z,0,0,0,0,0,0,0,0,0,1.0
2019-05-29T23:59:59Z,0,0,0,0,0,0,0,0,0,1.0
2019-05-30T23:59:59Z,0,0,0,0,0,0,0,0,0,0
2019-05-31T23:59:59Z,0,0,0,0,0,0,0,0,0,0
2019-06-01T23:59:59Z,0,0,0,0,0,0,0,0,0,0
2019-06-02T23:59:59Z,0,0,0,0,0,0,0,0,0,1.0
2019-06-03T23:59:59Z,0,0,0,0,0,0,0,0,0,1.0
2019-06-04T23:59:59Z,0,0,0,0,0,0,0,0,0,0
2019-06-05T23:59:59Z,0,0,0,0,0,0,0,0,0,0
2019-06-06T23:59:59Z,0,0,0,1.0,0,0,0,0,0,0
2019-06-07T23:59:59Z,0,0,0,0,0,0,0,0,0,0
2019-06-08T23:59:59Z,0,0,0,0,0,0,0,0,0,0
2019-06-09T23:59:59Z,0,0,0,0,0,0,0,0,0,0
2019-06-10T23:59:59Z,0,0,0,0,0,0,0,0,0,0
2019-06-11T23:59:59Z,0,0,0,0,0,0,0,0,0,0
2019-06-12T23:59:59Z,0,0,0,0,0,0,0,0,0,0
2019-06-13T23:59:59Z,0,0,0,0,0,0,0,0,0,0
2019-06-14T23:59:59Z,0,0,0,0,0,0,0,0,0,0
2019-06-15T23:59:59Z,0,0,0,0,0,0,0,0,0,0
2019-06-16T23:59:59Z,0,0,0,0,0,0,0,0,0,0
2019-06-17T23:59:59Z,0,0,0,1.0,0,0,0,0,0,0
2019-06-18T23:59:59Z,0,0,0,0,0,0,0,0,0,0
2019-06-19T23:59:59Z,0,0,0,0,0,0,0,0,0,0
2019-06-20T23:59:59Z,0,0,0,0,0,0,0,0,0,1.0
2019-06-21T23:59:59Z,0,0,0,0,0,0,0,0,0,0
2019-06-22T23:59:59Z,0,0,0,0,0,0,0,0,0,0
2019-06-23T23:59:59Z,0,0,0,0,0,0,0,0,0,0
2019-06-24T23:59:59Z,0,0,0,0,0,0,0,0,0,0
2019-06-25T23:59:59Z,0,0,0,0,0,0,0,0,0,0
2019-06-26T23:59:59Z,0,0,0,0,0,0,0,0,0,0
2019-06-27T23:59:59Z,0,0,0,1.0,0,0,0,0,0,0
2019-06-28T23:59:59Z,0,0,0,0,0,0,0,0,0,0
2019-06-29T23:59:59Z,0,0,0,0,0,0,0,0,0,0
2019-06-30T23:59:59Z,0,0,0,0,0,0,0,0,0,0
2019-07-01T23:59:59Z,0,0,0,0,0,0,0,0,0,0
2019-07-02T23:59:59Z,0,0,0,0,0,0,0,0,0,0
2019-07-03T23:59:59Z,0,0,0,0,0,0,0,0,0,1.0
2019-07-04T23:59:59Z,0,0,0,0,0,0,0,0,0,1.0
2019-07-05T23:59:59Z,0,0,0,0,0,0,0,0,0,0
2019-07-06T23:59:59Z,0,0,0,0,0,0,0,0,0,0
2019-07-07T23:59:59Z,0,0,0,0,0,0,0,0,0,0
2019-07-08T23:59:59Z,0,0,0,0,0,0,0,0,0,1.0
2019-07-09T23:59:59Z,0,0,0,0,0,0,0,0,0,0
2019-07-10T23:59:59Z,0,0,0,0,0,0,0,0,0,1.0
2019-07-11T23:59:59Z,0,0,0,0,0,0,0,0,0,1.0
2019-07-12T23:59:59Z,0,0,0,0,0,0,0,0,0,1.0
2019-07-13T23:59:59Z,0,0,0,0,0,0,0,0,0,1.0
2019-07-14T23:59:59Z,0,0,0,0,0,0,0,0,0,1.0
2019-07-15T23:59:59Z,0,0,0,0,0,0,0,0,0,0
2019-07-16T23:59:59Z,0,0,0,0,0,0,0,0,0,1.0
2019-07-17T23:59:59Z,0,0,0,0,0,0,0,0,0,1.0
2019-07-18T23:59:59Z,0,0,0,0,0,0,0,0,0,0
2019-07-19T23:59:59Z,0,0,0,0,0,0,0,0,0,0
2019-07-20T23:59:59Z,0,0,0,0,0,0,0,0,0,1.0
2019-07-21T23:59:59Z,0,0,0,0,0,0,0,0,0,0
2019-07-22T23:59:59Z,0,0,0,0,0,0,0,0,0,0
2019-07-23T23:59:59Z,0,0,0,0,0,0,0,0,0,0
2019-07-24T23:59:59Z,0,0,0,0,0,0,0,0,0,0
2019-07-25T23:59:59Z,0,0,0,0,0,0,0,0,0,1.0
2019-07-26T23:59:59Z,0,0,0,0,0,0,0,0,0,1.0
2019-07-27T23:59:59Z,0,0,0,0,0,0,0,0,0,0
2019-07-28T23:59:59Z,0,0,0,0,0,0,0,0,0,1.0
2019-07-29T23:59:59Z,0,0,0,0,0,0,0,0,0,0
2019-07-30T23:59:59Z,0,0,0,0,0,0,0,0,0,0
2019-07-31T23:59:59Z,0,0,0,0,0,0,0,0,0,0
2019-08-01T23:59:59Z,0,0,0,0,0,0,0,0,0,0
2019-08-02T23:59:59Z,0,0,0,0,0,0,0,0,0,0
2019-08-03T23:59:59Z,0,0,0,0,0,0,0,0,0,0
2019-08-04T23:59:59Z,0,0,0,0,0,0,0,0,0,0
2019-08-05T23:59:59Z,0,0,0,0,0,0,0,0,0,0
2019-08-06T23:59:59Z,0,0,0,0,0,0,0,0,0,0
2019-08-07T23:59:59Z,0,0,0,0,0,0,0,0,0,0
2019-08-08T23:59:59Z,0,0,0,0,0,0,0,0,0,0
2019-08-09T23:59:59Z,0,0,0,0,0,0,0,0,0,0
2019-08-10T23:59:59Z,0,0,0,0,0,0,0,0,0,1.0
2019-08-11T23:59:59Z,0,0,0,0,0,0,0,0,0,0
2019-08-12T23:59:59Z,0,0,0,0,0,0,0,0,0,1.0
2019-08-13T23:59:59Z,0,0,0,0,0,0,0,0,0,1.0
2019-08-14T23:59:59Z,0,0,0,0,0,0,0,0,0,0
2019-08-15T23:59:59Z,0,0,0,0,0,0,0,0,0,0
2019-08-16T23:59:59Z,0,0,0,0,0,0,0,0,0,0
2019-08-17T23:59:59Z,0,0,0,0,0,0,0,0,0,0
2019-08-18T23:59:59Z,0,0,0,0,0,0,0,0,0,1.0
2019-08-19T23:59:59Z,0,0,0,0,0,0,0,0,0,0
2019-08-20T23:59:59Z,0,0,0,0,0,0,0,0,0,1.0
2019-08-21T23:59:59Z,0,0,0,0,0,0,0,0,0,0
2019-08-22T23:59:59Z,0,0,0,0,0,0,0,0,0,0
2019-08-23T23:59:59Z,0,0,0,0,0,0,0,0,0,0
2019-08-24T23:59:59Z,0,0,0,1.0,0,0,0,0,0,0
2019-08-25T23:59:59Z,0,0,0,0,0,0,0,0,0,1.0
2019-08-26T23:59:59Z,0,0,0,0,0,0,0,0,0,0
2019-08-27T23:59:59Z,0,0,0,0,0,0,0,0,0,0
2019-08-28T23:59:59Z,0,0,0,0,0,0,0,0,0,0
2019-08-29T23:59:59Z,0,0,0,0,0,0,0,0,0,0
2019-08-30T23:59:59Z,0,0,0,0,0,0,0,0,0,0
2019-08-31T23:59:59Z,0,0,0,0,0,0,0,0,0,1.0
2019-09-01T23:59:59Z,0,0,0,0,0,0,0,0,0,0
2019-09-02T23:59:59Z,0,0,0,0,0,0,0,0,0,0
2019-09-03T23:59:59Z,0,0,0,0,0,0,0,0,0,0
2019-09-04T23:59:59Z,0,0,0,0,0,0,0,0,0,0
2019-09-05T23:59:59Z,0,0,0,0,0,0,0,0,0,0
2019-09-06T23:59:59Z,0,0,0,0,0,0,0,0,0,0
2019-09-07T23:59:59Z,0,0,0,0,0,0,0,0,0,0
2019-09-08T23:59:59Z,0,0,0,0,0,0,0,0,0,0
2019-09-09T23:59:59Z,0,0,0,0,0,0,0,0,0,0
2019-09-10T23:59:59Z,0,0,0,0,0,0,0,0,0,0
2019-09-11T23:59:59Z,0,0,0,0,0,0,0,0,0,0
2019-09-12T23:59:59Z,0,0,0,1.0,0,0,0,0,0,0
2019-09-13T23:59:59Z,0,0,0,0,0,0,0,0,0,0
2019-09-14T23:59:59Z,0,0,0,0,0,0,0,0,0,0
2019-09-15T23:59:59Z,0,0,0,0,0,0,0,0,0,0
2019-09-16T23:59:59Z,0,0,0,0,0,0,0,0,0,0
2019-09-17T23:59:59Z,0,0,0,0,0,0,0,0,0,0
2019-09-18T23:59:59Z,0,0,0,0,0,0,0,0,0,0
2019-09-19T23:59:59Z,0,0,0,0,0,0,0,0,0,0
2019-09-20T23:59:59Z,0,0,0,0,0,0,0,0,0,0
2019-09-21T23:59:59Z,0,0,0,1.0,0,0,0,0,0,0
2019-09-22T23:59:59Z,0,0,0,0,0,0,0,0,0,0
2019-09-23T23:59:59Z,0,0,0,0,0,0,0,0,0,0
2019-09-24T23:59:59Z,0,0,0,1.0,0,0,0,0,0,0
2019-09-25T23:59:59Z,0,0,0,0,0,0,0,0,0,0
2019-09-26T23:59:59Z,0,0,0,1.0,0,0,0,0,0,0
2019-09-27T23:59:59Z,0,0,0,0,0,0,0,0,0,0
2019-09-28T23:59:59Z,0,0,0,0,0,0,0,0,0,0
2019-09-29T23:59:59Z,0,0,0,0,0,0,0,0,0,0
2019-09-30T23:59:59Z,0,0,0,0,0,0,0,0,0,1.0
2019-10-01T23:59:59Z,0,0,0,0,0,0,0,0,0,2.0
2019-10-02T23:59:59Z,0,0,0,0,0,0,0,0,0,3.0
2019-10-03T23:59:59Z,0,0,0,0,0,0,0,0,0,2.0
2019-10-04T23:59:59Z,0,0,0,0,0,0,0,0,0,1.0
2019-10-05T23:59:59Z,0,0,0,0,0,0,0,0,0,0
2019-10-06T23:59:59Z,0,0,0,0,0,0,0,0,0,0
2019-10-07T23:59:59Z,0,0,0,0,0,0,0,0,0,0
2019-10-08T23:59:59Z,0,0,0,0,0,0,0,0,0,3.0
2019-10-09T23:59:59Z,0,0,0,0,0,0,0,0,0,0
2019-10-10T23:59:59Z,0,0,0,0,0,0,0,0,0,0
2019-10-11T23:59:59Z,0,0,0,0,0,0,0,0,0,0
2019-10-12T23:59:59Z,0,0,0,0,0,0,0,0,0,0
2019-10-13T23:59:59Z,0,0,0,1.0,0,0,0,0,0,0
2019-10-14T23:59:59Z,0,0,0,0,0,0,0,0,0,0
2019-10-15T23:59:59Z,0,0,0,0,0,0,0,0,0,1.0
2019-10-16T23:59:59Z,0,0,0,0,0,0,0,0,0,0
2019-10-17T23:59:59Z,0,0,0,0,0,0,0,0,0,1.0
2019-10-18T23:59:59Z,0,0,0,0,0,0,0,0,0,1.0
2019-10-19T23:59:59Z,0,0,0,0,0,0,0,0,0,0
2019-10-20T23:59:59Z,0,0,0,0,0,0,0,0,0,0
2019-10-21T23:59:59Z,0,0,0,0,0,0,0,0,0,0
2019-10-22T23:59:59Z,0,0,0,0,0,0,0,0,0,3.0
2019-10-23T23:59:59Z,0,0,0,0,0,0,0,0,0,0
2019-10-24T23:59:59Z,0,0,0,0,0,0,0,0,0,1.0
2019-10-25T23:59:59Z,0,0,0,0,0,0,0,0,0,0
2019-10-26T23:59:59Z,0,0,0,0,0,0,0,0,0,0
2019-10-27T23:59:59Z,0,0,0,0,0,0,0,0,0,0
2019-10-28T23:59:59Z,0,0,0,0,0,0,0,0,0,0
2019-10-29T23:59:59Z,0,0,0,0,0,0,0,0,0,0
2019-10-30T23:59:59Z,0,0,0,0,0,0,0,0,0,0
2019-10-31T23:59:59Z,0,0,0,0,0,0,0,0,0,0
2019-11-01T23:59:59Z,0,0,0,0,0,0,0,0,0,0
2019-11-02T23:59:59Z,0,0,0,0,0,0,0,0,0,0
2019-11-03T23:59:59Z,0,0,0,0,0,0,0,0,0,0
2019-11-04T23:59:59Z,0,0,0,0,0,0,0,0,0,0
2019-11-05T23:59:59Z,0,0,0,0,0,0,0,0,0,0
2019-11-06T23:59:59Z,0,0,0,0,0,0,0,0,0,0
2019-11-07T23:59:59Z,0,0,0,0,0,0,0,0,0,0
2019-11-08T23:59:59Z,0,0,0,0,0,0,0,0,0,0
2019-11-09T23:59:59Z,0,0,0,0,0,0,0,0,0,0
2019-11-10T23:59:59Z,0,0,0,0,0,0,0,0,0,0
2019-11-11T23:59:59Z,0,0,0,0,0,0,0,0,0,0
2019-11-12T23:59:59Z,0,0,0,0,0,0,0,0,0,0
2019-11-13T23:59:59Z,0,0,0,0,0,0,0,0,0,0
2019-11-14T23:59:59Z,0,0,0,0,0,0,0,0,0,0
2019-11-15T23:59:59Z,0,0,0,0,0,0,0,0,0,0
2019-11-16T23:59:59Z,0,0,0,0,0,0,0,0,0,0
2019-11-17T23:59:59Z,0,0,0,0,0,0,0,0,0,0
2019-11-18T23:59:59Z,0,0,0,0,0,0,0,0,0,0
2019-11-19T23:59:59Z,0,0,0,0,0,0,0,0,0,0
2019-11-20T23:59:59Z,0,0,0,0,0,0,0,0,0,0
2019-11-21T23:59:59Z,0,0,0,0,0,0,0,0,0,0
2019-11-22T23:59:59Z,0,0,0,0,0,0,0,0,0,0
2019-11-23T23:59:59Z,0,0,0,0,0,0,0,0,0,0
2019-11-24T23:59:59Z,0,0,0,0,0,0,0,0,0,0
2019-11-25T23:59:59Z,0,0,0,0,0,0,0,0,0,0
2019-11-26T23:59:59Z,0,0,0,0,0,0,0,0,0,0
2019-11-27T23:59:59Z,0,0,0,0,0,0,0,0,0,0
2019-11-28T23:59:59Z,0,0,0,0,0,0,0,0,0,0
2019-11-29T23:59:59Z,0,0,0,0,0,0,0,0,0,0
2019-11-30T23:59:59Z,0,0,0,0,0,0,0,0,0,0
2019-12-01T23:59:59Z,0,0,0,0,0,0,0,0,0,0
2019-12-02T23:59:59Z,0,0,0,0,0,0,0,0,0,0
2019-12-03T23:59:59Z,0,0,0,0,0,0,0,0,0,0
2019-12-04T23:59:59Z,0,0,0,0,0,0,0,0,0,0
2019-12-05T23:59:59Z,0,0,0,0,0,0,0,0,0,0
2019-12-06T23:59:59Z,0,0,0,0,0,0,0,0,0,0
2019-12-07T23:59:59Z,0,0,0,0,0,0,0,0,0,0
2019-12-08T23:59:59Z,0,0,0,0,0,0,0,0,0,0
2019-12-09T23:59:59Z,0,0,0,0,0,0,0,0,0,0
2019-12-10T23:59:59Z,0,0,0,0,0,0,0,0,0,0
2019-12-11T23:59:59Z,0,0,0,0,0,0,0,0,0,0
2019-12-12T23:59:59Z,0,0,0,0,0,0,0,0,0,0
2019-12-13T23:59:59Z,0,0,0,0,0,0,0,0,0,1.0
2019-12-14T23:59:59Z,0,0,0,0,0,0,0,0,0,0
2019-12-15T23:59:59Z,0,0,0,0,0,0,0,0,0,0
2019-12-16T23:59:59Z,0,0,0,0,0,0,0,0,0,0
2019-12-17T23:59:59Z,0,0,0,1.0,0,0,0,0,0,2.0
2019-12-18T23:59:59Z,0,0,0,0,0,0,0,0,0,0
2019-12-19T23:59:59Z,0,0,0,0,0,0,0,0,0,0
2019-12-20T23:59:59Z,0,0,0,0,0,0,0,0,0,0
2019-12-21T23:59:59Z,0,0,0,0,0,0,0,0,0,0
2019-12-22T23:59:59Z,0,0,0,0,0,0,0,0,0,0
2019-12-23T23:59:59Z,0,0,0,0,0,0,0,0,0,0
2019-12-24T23:59:59Z,0,0,0,0,0,0,0,0,0,0
2019-12-25T23:59:59Z,0,0,0,0,0,0,0,0,0,0
2019-12-26T23:59:59Z,0,0,0,0,0,0,0,0,0,0
2019-12-27T23:59:59Z,0,0,0,0,0,0,0,0,0,0
2019-12-28T23:59:59Z,0,0,0,0,0,0,0,0,0,0
2019-12-29T23:59:59Z,0,0,0,0,0,0,0,0,0,0
2019-12-30T23:59:59Z,0,0,0,0,0,0,0,0,0,1.0
2019-12-31T23:59:59Z,0,0,0,0,0,0,0,0,0,0
2020-01-01T23:59:59Z,0,0,0,0,0,0,0,0,0,0
2020-01-02T23:59:59Z,0,0,0,0,0,0,0,0,0,0
2020-01-03T23:59:59Z,0,0,0,0,0,0,0,0,0,0
2020-01-04T23:59:59Z,0,0,0,0,0,0,0,0,0,0
2020-01-05T23:59:59Z,0,0,0,0,0,0,0,0,0,0
2020-01-06T23:59:59Z,0,0,0,1.0,0,0,0,0,0,0
2020-01-07T23:59:59Z,0,0,0,0,0,0,0,0,0,0
2020-01-08T23:59:59Z,0,0,0,0,0,0,0,0,0,0
2020-01-09T23:59:59Z,0,0,0,0,0,0,0,0,0,0
2020-01-10T23:59:59Z,0,0,0,0,0,0,0,0,0,0
2020-01-11T23:59:59Z,0,0,0,0,0,0,0,0,0,0
2020-01-12T23:59:59Z,0,0,0,0,0,0,0,0,0,0
2020-01-13T23:59:59Z,0,0,0,0,0,0,0,0,0,0
2020-01-14T23:59:59Z,0,0,0,0,0,0,0,0,0,0
2020-01-15T23:59:59Z,0,0,0,0,0,0,0,0,0,0
2020-01-16T23:59:59Z,0,0,0,0,0,0,0,0,0,0
2020-01-17T23:59:59Z,0,0,0,0,0,0,0,0,0,0
2020-01-18T23:59:59Z,0,0,0,0,0,0,0,0,0,0
2020-01-19T23:59:59Z,0,0,0,0,0,0,0,0,0,0
2020-01-20T23:59:59Z,0,0,0,0,0,0,0,0,0,0
2020-01-21T23:59:59Z,0,0,0,0,0,0,0,0,0,0
2020-01-22T23:59:59Z,0,0,0,0,0,0,0,0,0,1.0
2020-01-23T23:59:59Z,0,0,0,0,0,0,0,0,0,0
2020-01-24T23:59:59Z,0,0,0,0,0,0,0,0,0,0
2020-01-25T23:59:59Z,0,0,0,0,0,0,0,0,0,0
2020-01-26T23:59:59Z,0,0,0,0,0,0,0,0,0,0
2020-01-27T23:59:59Z,0,0,0,0,0,0,0,0,0,0
2020-01-28T23:59:59Z,0,0,0,0,0,0,0,0,0,0
2020-01-29T23:59:59Z,0,0,0,0,0,0,0,0,0,0
2020-01-30T23:59:59Z,0,0,0,0,0,0,0,0,0,0
2020-01-31T23:59:59Z,0,0,0,0,0,0,0,0,0,0
2020-02-01T23:59:59Z,0,0,0,0,0,0,0,0,0,0
2020-02-02T23:59:59Z,0,0,0,1.0,0,0,0,0,0,1.0
2020-02-03T23:59:59Z,0,0,0,0,0,0,0,0,0,1.0
2020-02-04T23:59:59Z,0,0,0,0,0,0,0,0,0,0
2020-02-05T23:59:59Z,0,0,0,1.0,0,0,0,0,0,1.0
2020-02-06T23:59:59Z,0,0,0,0,0,0,0,0,0,0
2020-02-07T23:59:59Z,0,0,0,0,0,0,0,0,0,0
2020-02-08T23:59:59Z,0,0,0,0,0,0,0,0,0,0
2020-02-09T23:59:59Z,0,0,0,0,0,0,0,0,0,0
2020-02-10T23:59:59Z,0,0,0,0,0,0,0,0,0,0
2020-02-11T23:59:59Z,0,0,0,1.0,0,0,0,0,0,0
2020-02-12T23:59:59Z,0,0,0,0,0,0,0,0,0,0
2020-02-13T23:59:59Z,0,0,0,0,0,0,0,0,0,0
2020-02-14T23:59:59Z,0,0,0,0,0,0,0,0,0,0
2020-02-15T23:59:59Z,0,0,0,0,0,0,0,0,0,0
2020-02-16T23:59:59Z,0,0,0,0,0,0,0,0,0,0
2020-02-17T23:59:59Z,0,0,0,0,0,0,0,0,0,0
2020-02-18T23:59:59Z,0,0,0,0,0,0,0,0,0,2.0
2020-02-19T23:59:59Z,0,0,0,0,0,0,0,0,0,0
2020-02-20T23:59:59Z,0,0,0,0,0,0,0,0,0,0
2020-02-21T23:59:59Z,0,0,0,0,0,0,0,0,0,0
2020-02-22T23:59:59Z,0,0,0,0,0,0,0,0,0,0
2020-02-23T23:59:59Z,0,0,0,0,0,0,0,0,0,0
2020-02-24T23:59:59Z,0,0,0,0,0,0,0,0,0,0
2020-02-25T23:59:59Z,0,0,0,0,0,0,0,0,0,1.0
2020-02-26T23:59:59Z,0,0,0,0,0,0,0,0,0,0
2020-02-27T23:59:59Z,0,0,0,1.0,0,0,0,0,0,0
2020-02-28T23:59:59Z,0,0,0,0,0,0,0,0,0,0
2020-02-29T23:59:59Z,0,0,0,0,0,0,0,0,0,0
2020-03-01T23:59:59Z,0,0,0,0,0,0,0,0,0,0
2020-03-02T23:59:59Z,0,0,0,0,0,0,0,0,0,0
2020-03-03T23:59:59Z,0,0,0,0,0,0,0,0,0,0
2020-03-04T23:59:59Z,0,0,0,0,0,0,0,0,0,0
2020-03-05T23:59:59Z,0,0,0,0,0,0,0,0,0,0
2020-03-06T23:59:59Z,0,0,0,0,0,0,0,0,0,0
2020-03-07T23:59:59Z,0,0,0,0,0,0,0,0,0,0
2020-03-08T23:59:59Z,0,0,0,0,0,0,0,0,0,0
2020-03-09T23:59:59Z,0,0,0,0,0,0,0,0,0,0
2020-03-10T23:59:59Z,0,0,0,0,0,0,0,0,0,0
2020-03-11T23:59:59Z,0,0,0,0,0,0,0,0,0,0
2020-03-12T23:59:59Z,0,0,0,0,0,0,0,0,0,0
2020-03-13T23:59:59Z,0,0,0,0,0,0,0,0,0,0
2020-03-14T23:59:59Z,0,0,0,0,0,0,0,0,0,0
2020-03-15T23:59:59Z,0,0,0,0,0,0,0,0,0,0
2020-03-16T23:59:59Z,0,0,0,0,0,0,0,0,0,0
2020-03-17T23:59:59Z,0,0,0,0,0,0,0,0,0,0
2020-03-18T23:59:59Z,0,0,0,0,0,0,0,0,0,0
2020-03-19T23:59:59Z,0,0,0,0,0,0,0,0,0,0
2020-03-20T23:59:59Z,0,0,0,0,0,0,0,0,0,0
2020-03-21T23:59:59Z,0,0,0,0,0,0,0,0,0,0
2020-03-22T23:59:59Z,0,0,0,0,0,0,0,0,0,0
2020-03-23T23:59:59Z,0,0,0,0,0,0,0,0,0,0
2020-03-24T23:59:59Z,0,0,0,0,0,0,0,0,0,0
2020-03-25T23:59:59Z,0,0,0,0,0,0,0,0,0,0
2020-03-26T23:59:59Z,0,0,0,0,0,0,0,0,0,0
2020-03-27T23:59:59Z,0,0,0,0,0,0,0,0,0,0
2020-03-28T23:59:59Z,0,0,0,0,0,0,0,0,0,0
2020-03-29T23:59:59Z,0,0,0,0,0,0,0,0,0,0
2020-03-30T23:59:59Z,0,0,0,0,0,0,0,0,0,0
2020-03-31T23:59:59Z,0,0,0,0,0,0,0,0,0,0
2020-04-01T23:59:59Z,0,0,0,0,0,0,0,0,0,0
2020-04-02T23:59:59Z,0,0,0,0,0,0,0,0,0,0
2020-04-03T23:59:59Z,0,0,0,0,0,0,0,0,0,0
2020-04-04T23:59:59Z,0,0,0,0,0,0,0,0,0,0
2020-04-05T23:59:59Z,0,0,0,0,0,0,0,0,0,0
2020-04-06T23:59:59Z,0,0,0,0,0,0,0,0,0,0
2020-04-07T23:59:59Z,0,0,0,0,0,0,0,0,0,0
2020-04-08T23:59:59Z,0,0,0,1.0,0,0,0,0,0,0
2020-04-09T23:59:59Z,0,0,1.0,1.0,0,0,0,0,0,0
2020-04-10T23:59:59Z,0,0,2.0,1.0,0,0,0,0,0,0
2020-04-11T23:59:59Z,0,0,2.0,0,0,0,0,0,0,0
2020-04-12T23:59:59Z,0,0,2.0,0,0,0,0,0,0,0
2020-04-13T23:59:59Z,0,0,2.0,0,0,0,0,0,0,0
2020-04-14T23:59:59Z,0,0,2.0,1.0,0,0,0,0,0,0
2020-04-15T23:59:59Z,0,0,2.0,0,0,0,0,0,0,0
2020-04-16T23:59:59Z,0,0,2.0,0,0,0,0,0,0,0
2020-04-17T23:59:59Z,0,0,2.0,0,0,0,0,0,0,0
2020-04-18T23:59:59Z,0,0,2.0,1.0,0,0,0,0,0,0
2020-04-19T23:59:59Z,0,0,2.0,0,0,0,0,0,0,0
2020-04-20T23:59:59Z,0,0,2.0,0,0,0,0,0,0,0
2020-04-21T23:59:59Z,0,0,2.0,0,0,0,0,0,0,0
2020-04-22T23:59:59Z,0,0,2.0,0,0,0,0,0,0,0
2020-04-23T23:59:59Z,0,1.0,2.0,0,0,0,0,0,0,0
2020-04-24T23:59:59Z,0,1.0,2.0,0,0,0,0,0,0,0
2020-04-25T23:59:59Z,0,1.0,2.0,0,0,0,0,0,0,0
2020-04-26T23:59:59Z,0,1.0,2.0,1.0,0,0,0,0,0,0
2020-04-27T23:59:59Z,0,1.0,2.0,0,0,0,0,0,0,0
2020-04-28T23:59:59Z,0,1.0,2.0,0,0,0,0,0,0,0
2020-04-29T23:59:59Z,0,1.0,2.0,0,0,0,0,0,0,0
2020-04-30T23:59:59Z,0,1.0,0,0,0,0,0,0,0,0
2020-05-01T23:59:59Z,0,1.0,0,0,0,0,0,0,0,0
2020-05-02T23:59:59Z,0,1.0,0,0,0,0,0,0,0,0
2020-05-03T23:59:59Z,0,1.0,0,1.0,0,0,0,0,0,0
2020-05-04T23:59:59Z,0,1.0,0,0,0,0,0,0,0,0
2020-05-05T23:59:59Z,0,1.0,0,0,0,0,0,0,0,0
2020-05-06T23:59:59Z,0,1.0,0,0,0,0,0,0,0,0
2020-05-07T23:59:59Z,0,1.0,0,0,0,0,0,0,0,0
2020-05-08T23:59:59Z,0,1.0,0,0,0,0,0,0,0,0
2020-05-09T23:59:59Z,0,1.0,0,0,0,0,0,0,0,0
2020-05-10T23:59:59Z,0,1.0,0,0,0,0,0,0,0,0
2020-05-11T23:59:59Z,0,1.0,0,0,0,0,0,0,0,0
2020-05-12T23:59:59Z,0,1.0,0,0,0,0,0,0,0,0
2020-05-13T23:59:59Z,0,1.0,0,0,0,0,0,0,0,0
2020-05-14T23:59:59Z,0,1.0,0,2.0,0,0,0,0,0,0
2020-05-15T23:59:59Z,0,1.0,0,0,0,0,0,0,0,0
2020-05-16T23:59:59Z,0,1.0,0,1.0,0,0,0,0,0,0
2020-05-17T23:59:59Z,0,1.0,0,0,0,0,0,0,0,0
2020-05-18T23:59:59Z,0,1.0,0,0,0,0,0,0,0,0
2020-05-19T23:59:59Z,0,1.0,0,1.0,0,0,0,0,0,0
2020-05-20T23:59:59Z,0,1.0,0,0,0,0,0,0,0,0
2020-05-21T23:59:59Z,0,1.0,0,0,0,0,0,0,0,0
2020-05-22T23:59:59Z,0,1.0,0,0,0,0,0,0,0,0
2020-05-23T23:59:59Z,0,1.0,0,0,0,0,0,0,0,0
2020-05-24T23:59:59Z,0,1.0,0,0,0,0,0,0,0,0
2020-05-25T23:59:59Z,0,1.0,0,0,0,0,0,0,0,0
2020-05-26T23:59:59Z,0,1.0,0,0,0,0,0,0,0,0
2020-05-27T23:59:59Z,0,0,0,0,0,0,0,0,0,0
2020-05-28T23:59:59Z,0,0,0,0,0,0,0,0,0,0
2020-05-29T23:59:59Z,0,0,0,0,0,0,0,0,0,0
2020-05-30T23:59:59Z,0,0,0,0,0,0,0,0,0,0
2020-05-31T23:59:59Z,0,0,2.0,0,0,0,0,0,0,0
2020-06-01T23:59:59Z,0,0,2.0,0,0,0,0,0,0,0
2020-06-02T23:59:59Z,0,0,2.0,0,0,0,0,0,0,0
2020-06-03T23:59:59Z,0,0,2.0,0,0,0,0,0,0,0
2020-06-04T23:59:59Z,0,0,2.0,0,0,0,0,0,0,0
2020-06-05T23:59:59Z,0,0,2.0,0,0,0,0,0,0,0
2020-06-06T23:59:59Z,0,0,2.0,0,0,0,0,0,0,0
2020-06-07T23:59:59Z,0,0,2.0,0,0,0,0,0,0,0
2020-06-08T23:59:59Z,0,0,2.0,0,0,0,0,0,0,0
2020-06-09T23:59:59Z,0,0,4.0,0,0,0,0,0,0,0
2020-06-10T23:59:59Z,0,0,4.0,0,0,0,0,0,0,0
2020-06-11T23:59:59Z,0,0,4.0,0,0,0,0,0,0,0
2020-06-12T23:59:59Z,0,0,4.0,0,0,0,0,0,0,0
2020-06-13T23:59:59Z,0,0,4.0,0,0,0,0,0,0,0
2020-06-14T23:59:59Z,0,0,4.0,0,0,0,0,0,0,0
2020-06-15T23:59:59Z,0,0,4.0,0,0,0,0,0,0,0
2020-06-16T23:59:59Z,0,0,4.0,0,0,0,0,0,0,0
2020-06-17T23:59:59Z,0,0,4.0,0,0,0,0,0,0,0
2020-06-18T23:59:59Z,0,0,4.0,0,0,0,0,0,0,0
2020-06-19T23:59:59Z,0,0,4.0,0,0,0,0,0,0,0
2020-06-20T23:59:59Z,0,0,4.0,0,0,0,0,0,0,0
2020-06-21T23:59:59Z,0,0,4.0,0,0,0,0,0,0,0
2020-06-22T23:59:59Z,0,0,4.0,0,0,0,0,0,0,1.0
2020-06-23T23:59:59Z,0,0,4.0,0,0,0,0,0,0,0
2020-06-24T23:59:59Z,0,0,4.0,0,0,0,0,0,0,0
2020-06-25T23:59:59Z,0,0,4.0,0,0,0,0,0,0,0
2020-06-26T23:59:59Z,0,0,4.0,0,0,0,0,0,0,0
2020-06-27T23:59:59Z,0,0,4.0,0,0,0,0,0,0,0
2020-06-28T23:59:59Z,0,0,4.0,0,0,0,0,0,0,0
2020-06-29T23:59:59Z,0,0,4.0,0,0,0,0,0,0,0
2020-06-30T23:59:59Z,0,0,4.0,0,0,0,0,0,0,0
2020-07-01T23:59:59Z,0,0,4.0,0,0,0,0,0,0,0
2020-07-02T23:59:59Z,0,0,4.0,0,0,0,0,0,0,0
2020-07-03T23:59:59Z,0,0,4.0,0,0,0,0,0,0,0
2020-07-04T23:59:59Z,0,0,4.0,0,0,0,0,0,0,0
2020-07-05T23:59:59Z,0,0,2.0,0,0,0,0,0,0,0
2020-07-06T23:59:59Z,0,0,2.0,0,0,0,0,0,0,0
2020-07-07T23:59:59Z,0,0,2.0,0,0,0,0,0,0,0
2020-07-08T23:59:59Z,0,0,2.0,0,0,0,0,0,0,0
2020-07-09T23:59:59Z,0,0,2.0,0,0,0,0,0,0,0
2020-07-10T23:59:59Z,0,2.0,2.0,0,0,0,0,0,0,0
2020-07-11T23:59:59Z,0,2.0,2.0,0,0,0,0,0,0,0
2020-07-12T23:59:59Z,0,2.0,2.0,0,0,0,0,0,0,0
2020-07-13T23:59:59Z,0,2.0,2.0,1.0,0,0,0,0,0,0
2020-07-14T23:59:59Z,0,2.0,2.0,1.0,0,0,0,0,0,0
2020-07-15T23:59:59Z,0,2.0,2.0,1.0,0,0,0,0,0,0
2020-07-16T23:59:59Z,0,2.0,2.0,1.0,0,0,0,0,0,0
2020-07-17T23:59:59Z,0,2.0,4.0,1.0,0,0,0,0,0,0
2020-07-18T23:59:59Z,0,2.0,4.0,1.0,0,0,0,0,0,0
2020-07-19T23:59:59Z,0,2.0,4.0,1.0,0,0,0,0,0,0
2020-07-20T23:59:59Z,0,2.0,4.0,1.0,0,0,0,0,0,0
2020-07-21T23:59:59Z,0,2.0,4.0,1.0,0,0,0,0,0,0
2020-07-22T23:59:59Z,0,2.0,4.0,2.0,0,0,0,0,0,0
2020-07-23T23:59:59Z,0,2.0,4.0,2.0,0,0,0,0,0,0
2020-07-24T23:59:59Z,0,2.0,4.0,2.0,0,0,0,0,0,0
2020-07-25T23:59:59Z,0,2.0,4.0,2.0,0,0,0,0,0,0
2020-07-26T23:59:59Z,0,2.0,4.0,2.0,0,0,0,0,0,0
2020-07-27T23:59:59Z,0,2.0,4.0,2.0,0,0,0,0,0,0
2020-07-28T23:59:59Z,0,2.0,4.0,2.0,0,0,0,0,0,0
2020-07-29T23:59:59Z,0,2.0,4.0,2.0,0,0,0,0,0,0
2020-07-30T23:59:59Z,0,2.0,2.0,2.0,0,0,0,0,0,0
2020-07-31T23:59:59Z,0,2.0,2.0,2.0,0,0,0,0,0,0
2020-08-01T23:59:59Z,0,2.0,4.0,2.0,0,0,0,0,0,0
2020-08-02T23:59:59Z,0,2.0,4.0,2.0,0,0,0,0,0,0
2020-08-03T23:59:59Z,0,2.0,4.0,2.0,0,0,0,0,0,0
2020-08-04T23:59:59Z,0,2.0,4.0,2.0,0,0,0,0,0,0
2020-08-05T23:59:59Z,0,2.0,4.0,2.0,0,0,0,0,0,0
2020-08-06T23:59:59Z,0,2.0,4.0,2.0,0,0,0,0,0,0
2020-08-07T23:59:59Z,0,2.0,4.0,2.0,0,0,0,0,0,0
2020-08-08T23:59:59Z,0,2.0,4.0,2.0,0,0,0,0,0,0
2020-08-09T23:59:59Z,0,2.0,4.0,2.0,0,0,0,0,0,0
2020-08-10T23:59:59Z,0,2.0,4.0,2.0,0,0,0,0,0,0
2020-08-11T23:59:59Z,0,2.0,4.0,2.0,0,0,0,0,0,0
2020-08-12T23:59:59Z,0,2.0,4.0,2.0,0,0,0,0,0,0
2020-08-13T23:59:59Z,0,2.0,4.0,2.0,0,0,0,0,0,0
2020-08-14T23:59:59Z,0,2.0,4.0,2.0,0,0,0,0,0,0
2020-08-15T23:59:59Z,0,2.0,4.0,2.0,0,0,0,0,0,1.0
2020-08-16T23:59:59Z,0,2.0,4.0,2.0,0,0,0,0,0,0
2020-08-17T23:59:59Z,0,2.0,4.0,2.0,0,0,0,0,0,0
2020-08-18T23:59:59Z,0,2.0,4.0,2.0,0,0,0,0,0,0
2020-08-19T23:59:59Z,0,2.0,4.0,2.0,0,0,0,0,0,0
2020-08-20T23:59:59Z,0,2.0,4.0,2.0,0,0,0,0,0,0
2020-08-21T23:59:59Z,0,2.0,4.0,2.0,0,0,0,0,0,0
2020-08-22T23:59:59Z,0,2.0,4.0,2.0,0,0,0,0,0,0
2020-08-23T23:59:59Z,0,2.0,4.0,2.0,0,0,0,0,0,0
2020-08-24T23:59:59Z,0,2.0,4.0,2.0,0,0,0,0,0,0
2020-08-25T23:59:59Z,0,2.0,4.0,2.0,0,0,0,0,0,0
2020-08-26T23:59:59Z,0,2.0,4.0,2.0,0,0,0,0,0,0
2020-08-27T23:59:59Z,0,2.0,4.0,2.0,0,0,0,0,0,0
2020-08-28T23:59:59Z,0,2.0,4.0,2.0,0,0,0,0,0,0
2020-08-29T23:59:59Z,0,2.0,4.0,2.0,0,0,0,0,0,1.0
2020-08-30T23:59:59Z,0,2.0,4.0,2.0,0,0,0,0,0,1.0
2020-08-31T23:59:59Z,0,2.0,4.0,2.0,0,0,0,0,0,0
2020-09-01T23:59:59Z,0,2.0,4.0,2.0,0,0,0,0,0,0
2020-09-02T23:59:59Z,0,2.0,4.0,2.0,0,0,0,0,0,2.0
2020-09-03T23:59:59Z,0,2.0,4.0,2.0,0,0,0,0,0,0
2020-09-04T23:59:59Z,0,2.0,4.0,2.0,0,0,0,0,0,0
2020-09-05T23:59:59Z,0,2.0,4.0,2.0,0,0,0,0,0,2.0
2020-09-06T23:59:59Z,0,2.0,4.0,2.0,0,0,0,0,0,1.0
2020-09-07T23:59:59Z,0,2.0,4.0,2.0,0,0,0,0,0,1.0
2020-09-08T23:59:59Z,0,2.0,4.0,2.0,0,0,0,0,0,1.0
2020-09-09T23:59:59Z,0,2.0,4.0,2.0,0,0,0,0,0,1.0
2020-09-10T23:59:59Z,0,2.0,4.0,2.0,0,0,0,0,0,1.0
2020-09-11T23:59:59Z,0,2.0,4.0,2.0,0,0,0,0,0,1.0
2020-09-12T23:59:59Z,0,2.0,4.0,2.0,0,0,0,0,0,1.0
2020-09-13T23:59:59Z,0,2.0,4.0,2.0,0,0,0,0,0,1.0
2020-09-14T23:59:59Z,0,2.0,4.0,2.0,0,0,0,0,0,2.0
2020-09-15T23:59:59Z,0,2.0,4.0,2.0,0,0,0,0,0,1.0
2020-09-16T23:59:59Z,0,2.0,4.0,2.0,0,0,0,0,0,1.0
2020-09-17T23:59:59Z,0,2.0,4.0,2.0,0,0,0,0,0,1.0
2020-09-18T23:59:59Z,0,2.0,4.0,2.0,0,0,0,0,0,1.0
2020-09-19T23:59:59Z,0,2.0,4.0,2.0,0,0,0,0,0,1.0
2020-09-20T23:59:59Z,0,2.0,4.0,2.0,0,0,0,0,0,1.0
2020-09-21T23:59:59Z,0,2.0,4.0,2.0,0,0,0,0,0,1.0
2020-09-22T23:59:59Z,0,2.0,4.0,2.0,0,0,0,0,0,1.0
2020-09-23T23:59:59Z,0,2.0,4.0,2.0,0,0,0,0,0,1.0
2020-09-24T23:59:59Z,0,2.0,4.0,2.0,0,0,0,0,0,1.0
2020-09-25T23:59:59Z,0,2.0,4.0,2.0,0,0,0,0,0,2.0
2020-09-26T23:59:59Z,0,2.0,4.0,2.0,0,0,0,0,0,2.0
2020-09-27T23:59:59Z,0,2.0,4.0,2.0,0,0,0,0,0,1.0
2020-09-28T23:59:59Z,0,2.0,4.0,2.0,0,0,0,0,0,1.0
2020-09-29T23:59:59Z,0,2.0,4.0,2.0,0,0,0,0,0,1.0
2020-09-30T23:59:59Z,0,2.0,4.0,2.0,0,0,0,0,0,1.0
2020-10-01T23:59:59Z,0,2.0,4.0,2.0,0,0,0,0,0,1.0
2020-10-02T23:59:59Z,0,2.0,4.0,2.0,0,0,0,0,0,1.0
2020-10-03T23:59:59Z,0,2.0,4.0,2.0,0,0,0,0,0,1.0
2020-10-04T23:59:59Z,0,2.0,4.0,2.0,0,0,0,0,0,1.0
2020-10-05T23:59:59Z,0,2.0,4.0,2.0,0,0,0,0,0,0
2020-10-06T23:59:59Z,0,2.0,4.0,2.0,0,0,0,0,0,0
2020-10-07T23:59:59Z,0,2.0,4.0,2.0,0,0,0,0,0,0
2020-10-08T23:59:59Z,0,2.0,4.0,2.0,0,0,0,0,0,0
2020-10-09T23:59:59Z,0,2.0,2.0,2.0,0,0,0,0,0,0
2020-10-10T23:59:59Z,0,2.0,4.0,2.0,0,0,0,0,0,0
2020-10-11T23:59:59Z,0,2.0,4.0,2.0,0,0,0,0,0,0
2020-10-12T23:59:59Z,0,2.0,4.0,2.0,0,0,0,0,0,0
2020-10-13T23:59:59Z,0,2.0,4.0,2.0,0,0,0,0,0,1.0
2020-10-14T23:59:59Z,0,2.0,4.0,2.0,0,0,0,0,0,1.0
2020-10-15T23:59:59Z,0,2.0,4.0,2.0,0,0,0,0,0,0
2020-10-16T23:59:59Z,0,2.0,4.0,2.0,0,0,0,0,0,0
2020-10-17T23:59:59Z,0,2.0,4.0,2.0,0,0,0,0,0,1.0
2020-10-18T23:59:59Z,0,2.0,4.0,2.0,0,0,0,0,0,0
2020-10-19T23:59:59Z,0,2.0,4.0,2.0,0,0,0,0,0,0
2020-10-20T23:59:59Z,0,2.0,4.0,2.0,0,0,0,0,0,0
2020-10-21T23:59:59Z,0,2.0,4.0,2.0,0,0,0,0,0,1.0
2020-10-22T23:59:59Z,0,2.0,4.0,2.0,0,0,0,0,0,0
2020-10-23T23:59:59Z,0,2.0,4.0,2.0,0,0,0,0,0,0
2020-10-24T23:59:59Z,0,2.0,4.0,2.0,0,0,0,0,0,0
2020-10-25T23:59:59Z,0,2.0,4.0,2.0,0,0,0,0,0,1.0
2020-10-26T23:59:59Z,0,2.0,4.0,2.0,0,0,0,0,0,0
2020-10-27T23:59:59Z,0,2.0,4.0,2.0,0,0,0,0,0,1.0
2020-10-28T23:59:59Z,0,2.0,4.0,2.0,0,0,0,0,0,1.0
2020-10-29T23:59:59Z,0,2.0,4.0,2.0,0,0,0,0,0,1.0
2020-10-30T23:59:59Z,0,2.0,4.0,2.0,0,0,0,0,0,0
2020-10-31T23:59:59Z,0,2.0,4.0,2.0,0,0,0,0,0,0
2020-11-01T23:59:59Z,0,2.0,2.0,2.0,0,0,0,0,0,0
2020-11-02T23:59:59Z,0,2.0,2.0,2.0,0,0,0,0,0,0
2020-11-03T23:59:59Z,0,2.0,4.0,2.0,0,0,0,0,0,0
2020-11-04T23:59:59Z,0,2.0,4.0,2.0,0,0,0,0,0,0
2020-11-05T23:59:59Z,0,2.0,4.0,2.0,0,0,0,0,0,0
2020-11-06T23:59:59Z,0,2.0,4.0,2.0,0,0,0,0,0,0
2020-11-07T23:59:59Z,0,2.0,4.0,2.0,0,0,0,0,0,0
2020-11-08T22:55:54Z,0,2.0,4.0,2.0,0,0,0,0,0,0
2020-11-09T23:59:59Z,0,2.0,2.0,2.0,0,0,0,0,0,0
2020-11-10T23:59:59Z,0,2.0,2.0,2.0,0,0,0,0,0,0
2020-11-11T23:59:59Z,0,2.0,2.0,2.0,0,0,1.0,0,0,0
2020-11-12T23:59:59Z,0,2.0,4.0,2.0,0,0,0,0,0,0
2020-11-13T23:59:59Z,0,2.0,4.0,2.0,0,0,0,0,0,0
2020-11-14T23:59:59Z,0,2.0,4.0,2.0,0,0,0,0,0,0
2020-11-15T23:59:59Z,0,2.0,4.0,2.0,0,0,0,0,0,0
2020-11-16T23:59:59Z,0,2.0,4.0,2.0,0,0,0,0,0,0
2020-11-17T23:59:59Z,0,2.0,4.0,2.0,0,0,0,0,0,0
2020-11-18T23:59:59Z,0,2.0,4.0,2.0,0,0,0,0,0,0
2020-11-19T23:59:59Z,0,2.0,4.0,2.0,0,0,0,0,0,0
2020-11-20T23:59:59Z,0,2.0,4.0,2.0,0,0,0,0,0,0
2020-11-21T23:59:59Z,0,2.0,4.0,2.0,0,0,0,0,0,0
2020-11-22T23:59:59Z,0,2.0,4.0,2.0,0,0,0,0,0,0
2020-11-23T23:59:59Z,0,2.0,4.0,2.0,0,0,0,0,0,0
2020-11-24T00:15:21Z,0,0,0,0,0,0,0,0,0,0
2020-11-25T23:59:59Z,0,2.0,4.0,2.0,0,0,0,0,0,0
2020-11-26T23:59:59Z,0,2.0,4.0,2.0,0,0,0,0,0,0
2020-11-27T23:59:59Z,0,2.0,4.0,2.0,0,0,0,0,0,0
2020-11-28T23:59:59Z,0,2.0,4.0,2.0,0,0,0,0,0,0
2020-11-29T23:59:59Z,0,4.0,4.0,2.0,0,0,0,0,0,0
2020-11-30T23:59:59Z,0,2.0,4.0,2.0,0,0,0,0,0,0
2020-12-01T23:59:59Z,0,2.0,4.0,2.0,0,0,0,0,0,0
2020-12-02T23:59:59Z,0,2.0,4.0,2.0,0,0,0,0,0,0
2020-12-03T23:59:59Z,0,2.0,4.0,2.0,0,0,0,0,0,0
2020-12-04T23:59:59Z,0,2.0,4.0,2.0,0,0,0,0,0,0
2020-12-05T23:59:59Z,0,2.0,4.0,2.0,0,0,0,0,0,0
2020-12-06T23:59:59Z,0,2.0,4.0,1.0,0,0,0,0,0,0
2020-12-07T23:59:59Z,0,2.0,4.0,2.0,0,0,0,0,0,0
2020-12-08T23:59:59Z,0,2.0,4.0,2.0,0,0,0,0,0,0
2020-12-09T23:59:59Z,0,2.0,4.0,2.0,0,0,0,0,0,0
2020-12-10T23:59:59Z,0,2.0,4.0,2.0,0,0,0,0,0,0
2020-12-11T23:59:59Z,0,2.0,4.0,2.0,0,0,0,0,0,0
2020-12-12T23:59:59Z,0,2.0,4.0,2.0,0,0,0,0,0,0
2020-12-13T23:59:59Z,0,2.0,4.0,2.0,0,0,0,0,0,0
2020-12-14T23:59:59Z,0,2.0,4.0,2.0,0,0,0,0,0,0
2020-12-15T23:59:59Z,0,2.0,4.0,2.0,0,0,0,0,0,0
2020-12-16T23:59:59Z,0,2.0,4.0,2.0,0,0,0,0,0,0
2020-12-17T23:59:59Z,0,2.0,4.0,2.0,0,0,0,0,0,0
2020-12-18T23:59:59Z,0,2.0,4.0,2.0,0,0,0,0,0,0
2020-12-19T23:59:59Z,0,2.0,4.0,2.0,0,0,0,0,0,0
2020-12-20T23:59:59Z,0,2.0,4.0,2.0,0,0,0,0,0,0
2020-12-21T23:59:59Z,0,2.0,4.0,2.0,0,0,0,0,0,0
2020-12-22T23:59:59Z,0,2.0,4.0,2.0,0,0,0,0,0,0
2020-12-23T23:59:59Z,0,2.0,4.0,2.0,0,0,0,0,0,0
2020-12-24T23:59:59Z,0,2.0,4.0,2.0,0,0,0,0,0,0
2020-12-25T23:59:59Z,0,2.0,4.0,2.0,0,0,0,0,0,0
2020-12-26T23:59:59Z,0,2.0,4.0,2.0,0,0,0,0,0,0
2020-12-27T23:59:59Z,0,2.0,4.0,2.0,0,0,0,0,0,0
2020-12-28T23:59:59Z,0,2.0,4.0,2.0,0,0,0,0,0,0
2020-12-29T23:59:59Z,0,2.0,4.0,2.0,0,0,0,0,0,0
2020-12-30T23:59:59Z,0,2.0,2.0,2.0,0,1.0,0,0,0,0
2020-12-31T23:59:59Z,0,2.0,4.0,3.0,0,1.0,0,0,0,0
2021-01-01T23:59:59Z,0,2.0,4.0,2.0,0,1.0,0,0,0,0
2021-01-02T23:59:59Z,0,2.0,4.0,2.0,0,1.0,0,0,0,0
2021-01-03T23:59:59Z,0,2.0,4.0,2.0,0,1.0,0,0,0,0
2021-01-04T23:59:59Z,0,2.0,4.0,2.0,0,2.0,0,0,0,0
2021-01-05T23:59:59Z,0,2.0,2.0,2.0,0,1.0,0,0,0,1.0
2021-01-06T23:59:59Z,0,2.0,4.0,2.0,0,1.0,0,0,0,0
2021-01-07T23:59:59Z,0,2.0,4.0,2.0,0,1.0,0,0,0,0
2021-01-08T23:59:59Z,0,2.0,4.0,2.0,0,1.0,0,0,0,0
2021-01-09T23:59:59Z,0,2.0,2.0,2.0,0,1.0,0,0,0,0
2021-01-10T23:59:59Z,0,2.0,2.0,2.0,0,1.0,0,0,0,0
2021-01-11T23:59:59Z,0,2.0,2.0,2.0,0,1.0,0,0,0,0
2021-01-12T23:59:59Z,0,2.0,2.0,2.0,0,0,0,0,0,0
2021-01-13T23:59:59Z,0,2.0,2.0,2.0,0,0,0,0,0,0
2021-01-14T23:59:59Z,0,2.0,2.0,2.0,0,0,0,0,0,0
2021-01-15T23:59:59Z,0,2.0,2.0,2.0,0,0,0,0,0,0
2021-01-16T23:59:59Z,0,2.0,2.0,2.0,0,0,0,0,0,0
2021-01-17T23:59:59Z,0,2.0,2.0,2.0,0,0,0,0,0,0
2021-01-18T23:59:59Z,0,2.0,2.0,2.0,0,0,0,0,0,0
2021-01-19T23:29:45Z,0,2.0,2.0,2.0,0,0,1.0,0,0,0
2021-01-20T23:59:59Z,0,2.0,2.0,2.0,0,0,1.0,0,0,0
2021-01-21T23:59:59Z,0,2.0,2.0,2.0,0,0,1.0,0,0,0
2021-01-22T23:59:59Z,0,2.0,2.0,2.0,0,0,1.0,0,0,0
2021-01-23T23:59:59Z,0,2.0,2.0,2.0,0,0,1.0,0,0,0
2021-01-24T23:59:59Z,0,2.0,2.0,2.0,0,0,1.0,0,0,0
2021-01-25T23:59:59Z,0,2.0,2.0,2.0,0,0,1.0,0,0,0
2021-01-26T23:59:59Z,0,2.0,2.0,2.0,0,0,1.0,0,0,0
2021-01-27T23:59:59Z,0,2.0,2.0,2.0,0,0,1.0,0,0,0
2021-01-28T23:59:59Z,0,2.0,2.0,2.0,0,0,1.0,0,0,0
2021-01-29T23:59:59Z,0,2.0,2.0,2.0,0,0,1.0,0,0,0
2021-01-30T23:59:59Z,0,2.0,2.0,2.0,0,0,1.0,0,0,0
2021-01-31T23:59:59Z,0,2.0,2.0,2.0,0,0,1.0,0,0,0
2021-02-01T23:59:59Z,0,2.0,2.0,2.0,0,0,1.0,0,0,0
2021-02-02T23:59:59Z,0,2.0,2.0,2.0,0,0,1.0,0,0,0
2021-02-03T23:59:59Z,0,2.0,2.0,2.0,0,0,1.0,0,0,0
2021-02-04T17:07:00Z,0,2.0,2.0,2.0,0,0,1.0,0,0,0
2021-02-05T15:43:16Z,0,0,0,0,0,0,0,0,0,0
2021-02-06T23:59:59Z,0,0,2.0,0,0,0,1.0,0,0,0
2021-02-07T23:59:59Z,0,0,2.0,0,0,0,1.0,0,0,0
2021-02-08T23:59:59Z,0,0,2.0,0,0,0,1.0,0,0,1.0
2021-02-09T23:59:59Z,0,2.0,2.0,2.0,0,0,1.0,0,0,0
2021-02-10T23:59:59Z,0,2.0,2.0,2.0,0,0,1.0,0,0,0
2021-02-11T23:59:59Z,0,2.0,2.0,1.0,0,0,1.0,0,0,0
2021-02-12T23:59:59Z,0,2.0,2.0,2.0,0,0,1.0,0,0,0
2021-02-13T23:59:59Z,0,2.0,2.0,2.0,0,0,1.0,0,0,0
2021-02-14T23:59:59Z,0,2.0,2.0,2.0,0,0,1.0,0,0,0
2021-02-15T23:59:59Z,0,2.0,2.0,2.0,0,0,1.0,0,0,0
2021-02-16T23:59:59Z,0,2.0,2.0,2.0,0,0,1.0,0,0,0
2021-02-17T23:59:59Z,0,2.0,2.0,2.0,0,0,1.0,0,0,0
2021-02-18T23:59:59Z,0,2.0,2.0,2.0,0,0,1.0,0,0,0
2021-02-19T23:59:59Z,0,2.0,0,2.0,0,0,1.0,0,0,0
2021-02-20T23:59:59Z,0,2.0,0,2.0,0,0,1.0,0,0,0
2021-02-21T23:59:59Z,0,2.0,0,2.0,0,0,1.0,0,0,0
2021-02-22T23:59:59Z,0,2.0,0,2.0,0,0,1.0,0,0,0
2021-02-23T23:59:59Z,0,2.0,0,2.0,0,0,1.0,0,0,0
2021-02-24T23:59:59Z,0,2.0,0,2.0,0,0,1.0,0,0,1.0
2021-02-25T23:59:59Z,0,2.0,0,1.0,0,0,1.0,0,0,0
2021-02-26T23:59:59Z,0,2.0,0,1.0,0,0,1.0,0,0,0
2021-02-27T23:59:59Z,0,2.0,0,1.0,0,0,1.0,0,0,0
2021-02-28T23:59:59Z,0,2.0,0,1.0,0,0,1.0,0,0,0
2021-03-01T23:59:59Z,0,2.0,0,1.0,0,0,1.0,0,0,0
2021-03-02T23:59:59Z,0,2.0,0,1.0,0,0,1.0,0,0,0
2021-03-03T23:59:59Z,0,2.0,0,1.0,0,0,1.0,0,0,3.0
2021-03-04T23:59:59Z,0,2.0,0,1.0,0,0,1.0,0,0,0
2021-03-05T23:59:59Z,0,2.0,0,1.0,0,0,1.0,0,0,0
2021-03-06T23:59:59Z,0,2.0,0,1.0,0,0,1.0,0,0,0
2021-03-07T23:59:59Z,0,2.0,0,1.0,0,0,1.0,0,0,0
2021-03-08T23:59:59Z,0,2.0,0,1.0,0,0,1.0,0,0,1.0
2021-03-09T23:59:59Z,0,2.0,0,1.0,0,0,1.0,0,0,0
2021-03-10T23:59:59Z,0,2.0,0,1.0,0,0,1.0,0,0,0
2021-03-11T23:59:59Z,0,2.0,0,2.0,0,0,1.0,0,0,0
2021-03-12T23:59:59Z,0,2.0,0,2.0,0,0,1.0,0,0,0
2021-03-13T23:59:59Z,0,2.0,0,2.0,0,0,1.0,0,0,0
2021-03-14T23:59:59Z,0,2.0,0,2.0,0,0,1.0,0,0,0
2021-03-15T23:59:59Z,0,2.0,0,2.0,0,0,1.0,0,0,0
2021-03-16T23:59:59Z,0,2.0,0,2.0,0,0,1.0,0,0,0
2021-03-17T23:59:59Z,0,2.0,0,2.0,0,0,1.0,0,0,0
2021-03-18T23:59:59Z,0,2.0,0,2.0,0,0,1.0,0,0,0
2021-03-19T23:59:59Z,0,2.0,0,2.0,0,0,1.0,0,0,0
2021-03-20T23:59:59Z,0,2.0,0,2.0,0,0,1.0,0,0,0
2021-03-21T23:59:59Z,0,2.0,0,2.0,0,0,1.0,0,0,0
2021-03-22T23:59:59Z,0,2.0,0,2.0,0,0,1.0,0,0,0
2021-03-23T23:59:59Z,0,2.0,0,2.0,0,0,1.0,0,0,0
2021-03-24T23:59:59Z,0,2.0,0,2.0,0,0,1.0,0,0,0
2021-03-25T23:59:59Z,0,2.0,0,2.0,0,0,0,0,0,0
2021-03-26T23:59:59Z,0,2.0,0,2.0,0,0,0,0,0,0
2021-03-27T23:59:59Z,0,2.0,0,2.0,0,0,0,0,0,0
2021-03-28T23:59:59Z,0,2.0,0,2.0,0,0,0,0,0,0
2021-03-29T23:59:59Z,0,2.0,0,2.0,0,0,0,0,0,0
2021-03-30T23:59:59Z,0,2.0,0,2.0,0,0,0,0,0,0
2021-03-31T23:59:59Z,0,2.0,0,2.0,0,0,0,0,0,0
2021-04-01T23:59:59Z,0,2.0,0,2.0,0,0,0,0,0,0
2021-04-02T23:59:59Z,0,2.0,0,2.0,0,0,0,0,0,0
2021-04-03T23:59:59Z,0,2.0,0,2.0,0,0,0,0,0,0
2021-04-04T23:59:59Z,0,2.0,0,2.0,0,0,0,0,0,0
2021-04-05T23:59:59Z,0,2.0,0,2.0,0,0,0,0,0,0
2021-04-06T23:59:59Z,0,2.0,0,2.0,0,0,0,0,0,0
2021-04-07T23:59:59Z,0,2.0,0,2.0,0,0,0,0,0,0
2021-04-08T23:59:59Z,0,2.0,0,2.0,0,0,0,0,0,0
2021-04-09T23:59:59Z,0,2.0,0,2.0,1.0,0,0,0,0,0
2021-04-10T23:59:59Z,0,2.0,0,2.0,0,0,0,0,0,1.0
2021-04-11T23:59:59Z,0,0,0,2.0,0,0,0,0,0,1.0
2021-04-12T23:59:59Z,0,2.0,0,2.0,0,0,0,0,0,2.0
2021-04-13T23:59:59Z,0,2.0,0,2.0,1.0,0,0,0,0,0
2021-04-14T23:59:59Z,0,2.0,0,2.0,1.0,0,0,0,0,0
2021-04-15T23:59:59Z,0,2.0,0,2.0,0,0,0,0,0,1.0
2021-04-16T23:59:59Z,0,2.0,0,2.0,0,0,0,0,0,1.0
2021-04-17T23:59:59Z,0,2.0,0,1.0,1.0,0,0,0,0,0
2021-04-18T23:59:59Z,0,2.0,0,1.0,0,0,0,0,0,1.0
2021-04-19T23:59:59Z,0,2.0,0,1.0,0,0,0,0,0,1.0
2021-04-20T23:59:59Z,0,2.0,0,1.0,1.0,0,0,0,0,0
2021-04-21T23:59:59Z,0,2.0,0,1.0,1.0,0,0,0,0,0
2021-04-22T23:59:59Z,0,2.0,0,1.0,1.0,0,0,0,0,0
2021-04-23T23:59:59Z,0,2.0,0,1.0,2.0,0,0,0,0,0
2021-04-24T23:59:59Z,0,2.0,0,2.0,2.0,0,0,0,0,0
2021-04-25T23:59:59Z,0,2.0,0,1.0,0,0,0,0,0,1.0
2021-04-26T23:59:59Z,0,2.0,0,2.0,1.0,0,0,0,0,0
2021-04-27T23:59:59Z,0,2.0,0,1.0,1.0,0,0,0,0,0
2021-04-28T23:59:59Z,0,2.0,0,1.0,1.0,0,0,0,0,0
2021-04-29T23:59:59Z,0,2.0,0,1.0,1.0,0,0,0,0,0
2021-04-30T23:59:59Z,0,2.0,0,1.0,2.0,0,0,0,0,0
2021-05-01T23:59:59Z,0,2.0,0,1.0,2.0,0,0,0,0,0
2021-05-02T23:59:59Z,0,2.0,0,1.0,2.0,0,0,0,0,0
2021-05-03T23:59:59Z,0,2.0,0,1.0,2.0,0,0,0,0,0
2021-05-04T23:59:59Z,0,2.0,0,1.0,2.0,0,0,0,0,0
2021-05-05T23:59:59Z,0,2.0,0,3.0,2.0,0,0,0,0,0
2021-05-06T23:59:59Z,0,2.0,0,2.0,2.0,0,0,0,0,0
2021-05-07T23:59:59Z,0,2.0,0,1.0,2.0,0,0,0,0,0
2021-05-08T23:59:59Z,0,2.0,0,1.0,2.0,0,0,0,0,0
2021-05-09T23:59:59Z,0,2.0,0,1.0,2.0,0,0,0,0,0
2021-05-10T23:59:59Z,0,2.0,0,1.0,2.0,0,0,0,0,0
2021-05-11T23:59:59Z,0,2.0,0,1.0,2.0,0,0,0,0,0
2021-05-12T23:59:59Z,0,2.0,0,1.0,2.0,0,0,0,0,0
2021-05-13T23:59:59Z,0,2.0,0,1.0,0,0,0,0,0,2.0
2021-05-14T23:59:59Z,0,2.0,0,1.0,2.0,0,0,0,0,0
2021-05-15T23:59:59Z,0,2.0,0,1.0,2.0,0,0,0,0,1.0
2021-05-16T23:59:59Z,0,2.0,0,1.0,1.0,0,0,0,0,1.0
2021-05-17T23:59:59Z,0,2.0,0,1.0,1.0,0,0,0,0,0
2021-05-18T23:59:59Z,0,2.0,0,1.0,1.0,0,0,0,0,0
2021-05-19T23:59:59Z,0,2.0,0,1.0,1.0,0,0,0,0,0
2021-05-20T23:59:59Z,0,2.0,0,1.0,1.0,0,0,0,0,0
2021-05-21T23:59:59Z,0,2.0,0,1.0,1.0,0,0,0,0,1.0
2021-05-22T23:59:59Z,0,2.0,0,1.0,2.0,0,0,0,0,1.0
2021-05-23T23:59:59Z,0,2.0,0,1.0,2.0,0,0,0,0,0
2021-05-24T23:59:59Z,0,2.0,0,1.0,2.0,0,0,0,0,1.0
2021-05-25T23:59:59Z,0,2.0,0,1.0,2.0,0,0,0,0,0
2021-05-26T23:59:59Z,0,2.0,0,1.0,2.0,0,0,0,0,0
2021-05-27T23:59:59Z,0,2.0,0,1.0,2.0,0,0,0,0,0
2021-05-28T23:59:59Z,0,2.0,0,1.0,2.0,0,0,0,0,0
2021-05-29T23:59:59Z,0,2.0,0,1.0,2.0,0,0,0,0,0
2021-05-30T23:59:59Z,0,2.0,0,1.0,2.0,0,0,0,0,0
2021-05-31T23:59:59Z,0,2.0,0,1.0,2.0,0,0,0,0,1.0
2021-06-01T23:59:59Z,0,2.0,0,1.0,2.0,0,0,0,0,0
2021-06-02T23:59:59Z,0,2.0,0,1.0,2.0,0,0,0,0,0
2021-06-03T23:59:59Z,0,2.0,0,1.0,2.0,0,0,0,0,0
2021-06-04T23:59:59Z,0,2.0,0,1.0,2.0,0,0,0,0,0
2021-06-05T23:59:59Z,0,2.0,0,1.0,2.0,0,0,0,0,0
2021-06-06T23:59:59Z,0,2.0,0,1.0,2.0,0,0,0,0,0
2021-06-07T23:59:59Z,0,2.0,0,1.0,2.0,0,0,0,0,0
2021-06-08T23:59:59Z,0,2.0,0,1.0,2.0,0,0,0,0,0
2021-06-09T23:59:59Z,0,2.0,0,1.0,2.0,0,0,0,0,0
2021-06-10T23:59:59Z,0,2.0,0,1.0,2.0,0,0,0,0,0
2021-06-11T23:59:59Z,0,2.0,0,1.0,2.0,0,0,0,0,1.0
2021-06-12T23:59:59Z,0,2.0,0,1.0,2.0,0,0,0,0,0
2021-06-13T23:59:59Z,0,2.0,0,1.0,2.0,0,0,0,0,0
2021-06-14T23:59:59Z,0,2.0,0,1.0,2.0,0,0,0,0,0
2021-06-15T23:59:59Z,0,2.0,0,1.0,2.0,0,0,0,0,0
2021-06-16T23:59:59Z,0,2.0,0,1.0,2.0,0,0,0,0,0
2021-06-17T23:59:59Z,0,2.0,0,1.0,0,0,0,0,0,0
2021-06-18T23:59:59Z,0,2.0,0,1.0,0,0,0,0,0,0
2021-06-19T23:59:59Z,0,2.0,0,1.0,0,0,0,0,0,0
2021-06-20T23:59:59Z,0,2.0,0,1.0,0,0,0,0,0,0
2021-06-21T23:59:59Z,0,2.0,0,1.0,0,0,0,0,0,0
2021-06-22T23:59:59Z,0,2.0,0,1.0,0,0,0,0,0,0
2021-06-23T23:59:59Z,0,2.0,0,1.0,0,0,0,0,0,0
2021-06-24T23:59:59Z,0,2.0,0,1.0,0,0,0,0,0,0
2021-06-25T23:59:59Z,0,2.0,0,1.0,0,0,0,0,0,1.0
2021-06-26T23:59:59Z,0,2.0,0,1.0,0,0,0,0,0,0
2021-06-27T23:59:59Z,0,2.0,0,1.0,0,0,0,0,0,0
2021-06-28T23:59:59Z,0,2.0,0,2.0,0,0,0,0,0,0
2021-06-29T23:59:59Z,0,2.0,0,1.0,0,0,0,0,0,0
2021-06-30T23:59:59Z,0,2.0,0,1.0,0,0,0,0,0,0
2021-07-01T23:59:59Z,0,2.0,0,1.0,0,0,0,0,0,0
2021-07-02T23:59:59Z,0,2.0,0,1.0,0,0,0,0,0,0
2021-07-03T23:59:59Z,0,2.0,0,1.0,0,0,0,0,0,0
2021-07-04T23:59:59Z,0,2.0,0,1.0,0,0,0,0,0,0
2021-07-05T23:59:59Z,0,2.0,0,1.0,0,0,0,0,0,0
2021-07-06T23:59:59Z,0,2.0,0,1.0,0,0,0,0,0,0
2021-07-07T23:59:59Z,0,2.0,0,1.0,0,0,0,0,0,0
2021-07-08T23:59:59Z,0,2.0,0,1.0,0,0,0,0,0,0
2021-07-09T23:59:59Z,0,2.0,0,1.0,0,0,0,0,0,0
2021-07-10T23:59:59Z,0,2.0,0,1.0,0,0,0,0,0,0
2021-07-11T23:59:59Z,0,2.0,0,1.0,0,0,0,0,0,0
2021-07-12T23:59:59Z,0,2.0,0,1.0,0,0,0,0,0,0
2021-07-13T23:59:59Z,0,2.0,0,2.0,0,0,0,0,0,0
2021-07-14T23:59:59Z,0,2.0,0,1.0,0,0,0,0,0,0
2021-07-15T23:59:59Z,0,2.0,0,1.0,0,0,0,0,0,0
2021-07-16T23:59:59Z,0,2.0,0,1.0,0,0,0,0,1.0,0
2021-07-17T23:59:59Z,0,2.0,0,1.0,0,0,0,0,1.0,0
2021-07-18T23:59:59Z,0,2.0,0,2.0,0,0,0,0,1.0,0
2021-07-19T23:59:59Z,0,2.0,0,2.0,0,0,0,0,1.0,0
2021-07-20T23:59:59Z,0,2.0,0,1.0,0,0,0,0,1.0,1.0
2021-07-21T23:59:59Z,0,2.0,0,2.0,0,0,0,0,1.0,0
2021-07-22T23:59:59Z,0,2.0,0,2.0,0,0,0,0,1.0,0
2021-07-23T23:59:59Z,0,2.0,0,2.0,0,0,0,0,1.0,0
2021-07-24T23:59:59Z,0,2.0,0,2.0,0,0,0,0,1.0,0
2021-07-25T23:59:59Z,0,2.0,0,1.0,0,0,0,0,1.0,0
2021-07-26T23:59:59Z,0,2.0,0,1.0,0,0,0,0,1.0,0
2021-07-27T23:59:59Z,0,2.0,0,1.0,0,0,0,0,1.0,0
2021-07-28T23:59:59Z,0,2.0,0,1.0,0,0,0,0,1.0,0
2021-07-29T23:59:59Z,0,2.0,0,1.0,1.0,0,0,0,1.0,0
2021-07-30T23:59:59Z,0,2.0,0,1.0,2.0,0,0,0,1.0,0
2021-07-31T23:59:59Z,0,2.0,0,0,2.0,0,0,0,1.0,0
2021-08-01T23:59:59Z,0,2.0,0,0,2.0,0,0,0,1.0,0
2021-08-02T23:59:59Z,0,2.0,0,0,2.0,0,0,0,1.0,0
2021-08-03T23:59:59Z,0,2.0,0,1.0,2.0,0,0,0,1.0,0
2021-08-04T23:59:59Z,0,2.0,0,0,2.0,0,0,0,1.0,0
2021-08-05T23:59:59Z,0,2.0,0,0,1.0,0,0,0,1.0,0
2021-08-06T23:59:59Z,0,2.0,0,0,0,0,0,0,1.0,3.0
2021-08-07T23:59:59Z,0,2.0,0,0,1.0,0,0,0,1.0,1.0
2021-08-08T23:59:59Z,0,2.0,0,0,1.0,0,0,0,1.0,2.0
2021-08-09T23:59:59Z,0,2.0,0,0,1.0,0,0,0,1.0,1.0
2021-08-10T23:59:59Z,0,2.0,0,0,1.0,0,0,0,1.0,1.0
2021-08-11T23:59:59Z,0,2.0,0,1.0,1.0,0,0,0,1.0,2.0
2021-08-12T23:59:59Z,0,2.0,0,0,1.0,0,0,0,1.0,1.0
2021-08-13T23:59:59Z,0,2.0,0,0,1.0,0,0,0,1.0,1.0
2021-08-14T23:59:59Z,0,2.0,0,0,1.0,0,0,0,1.0,1.0
2021-08-15T23:59:59Z,0,2.0,0,0,1.0,0,0,0,1.0,1.0
2021-08-16T23:59:59Z,0,2.0,0,0,1.0,0,0,0,1.0,1.0
2021-08-17T23:59:59Z,0,2.0,0,0,1.0,0,0,0,1.0,1.0
2021-08-18T23:59:59Z,0,2.0,0,0,1.0,0,0,0,1.0,1.0
2021-08-19T23:59:59Z,0,2.0,0,1.0,1.0,0,0,0,1.0,1.0
2021-08-20T23:59:59Z,0,2.0,0,0,1.0,0,0,0,1.0,1.0
2021-08-21T23:59:59Z,0,2.0,0,0,0,0,0,0,1.0,2.0
2021-08-22T23:59:59Z,0,2.0,0,0,1.0,0,0,0,1.0,1.0
2021-08-23T23:59:59Z,0,2.0,0,0,1.0,0,0,0,1.0,1.0
2021-08-24T23:59:59Z,0,2.0,0,0,1.0,0,0,0,1.0,1.0
2021-08-25T23:59:59Z,0,2.0,0,0,1.0,0,0,0,1.0,1.0
2021-08-26T23:59:59Z,0,2.0,0,0,1.0,0,0,0,1.0,0
2021-08-27T23:59:59Z,0,2.0,0,0,1.0,0,0,0,1.0,0
2021-08-28T23:59:59Z,0,2.0,0,1.0,1.0,0,0,0,1.0,0
2021-08-29T23:59:59Z,0,2.0,0,0,1.0,0,0,0,1.0,0
2021-08-30T23:59:59Z,0,2.0,0,0,1.0,0,0,0,1.0,0
2021-08-31T23:59:59Z,0,2.0,0,0,1.0,0,0,0,1.0,0
2021-09-01T23:59:59Z,0,2.0,0,0,1.0,0,0,0,1.0,0
2021-09-02T23:59:59Z,0,2.0,0,1.0,1.0,0,0,0,0,0
2021-09-03T23:59:59Z,0,2.0,0,1.0,1.0,0,0,0,0,0
2021-09-04T23:59:59Z,0,2.0,0,0,1.0,0,0,0,0,0
2021-09-05T23:59:59Z,0,2.0,0,1.0,1.0,0,0,0,0,0
2021-09-06T23:59:59Z,0,2.0,0,1.0,1.0,0,0,0,0,0
2021-09-07T23:59:59Z,0,2.0,0,1.0,1.0,0,0,0,0,0
2021-09-08T23:59:59Z,0,2.0,0,0,1.0,0,0,0,0,1.0
2021-09-09T23:59:59Z,0,2.0,0,0,1.0,0,0,0,0,1.0
2021-09-10T23:59:59Z,0,2.0,0,2.0,1.0,0,0,0,0,1.0
2021-09-11T23:59:59Z,0,2.0,0,1.0,1.0,0,0,0,0,0
2021-09-12T23:59:59Z,0,2.0,0,1.0,1.0,0,0,0,0,0
2021-09-13T23:59:59Z,0,2.0,0,1.0,1.0,0,0,0,0,0
2021-09-14T23:59:59Z,0,2.0,0,0,1.0,0,0,0,0,2.0
2021-09-15T23:59:59Z,0,2.0,0,0,1.0,0,0,0,0,0
2021-09-16T23:59:59Z,0,2.0,0,0,1.0,0,0,0,0,0
2021-09-17T23:59:59Z,0,2.0,0,0,1.0,0,0,0,0,0
2021-09-18T23:59:59Z,0,2.0,0,0,1.0,0,0,0,0,0
2021-09-19T23:59:59Z,0,2.0,0,0,1.0,0,0,0,0,0
2021-09-20T23:59:59Z,0,2.0,0,0,1.0,0,0,0,0,0
2021-09-21T23:59:59Z,0,2.0,0,0,1.0,0,0,0,0,0
2021-09-22T23:59:59Z,0,2.0,0,0,1.0,0,0,0,0,1.0
2021-09-23T23:59:59Z,0,2.0,0,0,1.0,0,0,0,0,1.0
2021-09-24T23:59:59Z,0,2.0,0,0,1.0,0,0,0,0,2.0
2021-09-25T23:59:59Z,0,2.0,0,0,1.0,0,0,0,0,1.0
2021-09-26T23:59:59Z,0,2.0,0,0,1.0,0,0,0,0,1.0
2021-09-27T23:59:59Z,0,2.0,0,0,1.0,0,0,0,0,0
2021-09-28T23:59:59Z,0,2.0,0,0,1.0,0,0,0,0,0
2021-09-29T23:59:59Z,0,2.0,0,0,1.0,0,0,0,0,1.0
2021-09-30T23:59:59Z,0,2.0,0,0,1.0,0,0,0,0,1.0
2021-10-01T23:59:59Z,0,2.0,0,0,1.0,0,0,0,0,0
2021-10-02T23:59:59Z,0,2.0,0,0,1.0,0,0,0,0,0
2021-10-03T23:59:59Z,0,2.0,0,0,1.0,0,0,0,0,0
2021-10-04T23:59:59Z,0,2.0,0,0,1.0,0,0,0,0,0
2021-10-05T23:59:59Z,0,2.0,0,0,1.0,0,0,0,0,1.0
2021-10-06T23:59:59Z,0,2.0,0,0,1.0,0,0,0,0,0
2021-10-07T23:59:59Z,0,2.0,0,1.0,1.0,0,0,0,0,1.0
2021-10-08T23:59:59Z,0,2.0,0,0,1.0,0,0,0,0,0
2021-10-09T23:59:59Z,0,2.0,0,0,1.0,0,0,0,0,0
2021-10-10T23:59:59Z,0,2.0,0,0,1.0,0,0,0,0,1.0
2021-10-11T23:59:59Z,0,2.0,0,1.0,1.0,0,0,0,0,0
2021-10-12T23:59:59Z,0,2.0,0,0,1.0,0,0,0,0,0
2021-10-13T23:59:59Z,0,2.0,0,0,1.0,0,0,0,0,0
2021-10-14T23:59:59Z,0,2.0,0,0,1.0,0,0,0,0,0
2021-10-15T23:59:59Z,0,2.0,0,0,1.0,0,0,0,0,2.0
2021-10-16T23:59:59Z,0,2.0,0,0,1.0,0,0,0,0,1.0
2021-10-17T23:59:59Z,0,2.0,0,0,1.0,0,0,0,0,0
2021-10-18T23:59:59Z,0,2.0,0,0,1.0,0,0,0,0,1.0
2021-10-19T23:59:59Z,0,2.0,0,0,0,0,0,0,0,1.0
2021-10-20T23:59:59Z,0,2.0,0,0,1.0,0,0,0,0,0
2021-10-21T23:59:59Z,0,2.0,0,0,0,0,0,0,0,1.0
2021-10-22T23:59:59Z,0,2.0,0,0,1.0,0,0,0,0,0
2021-10-23T23:59:59Z,0,2.0,0,0,1.0,0,0,0,0,0
2021-10-24T23:59:59Z,0,2.0,0,0,0,0,0,0,0,1.0
2021-10-25T23:59:59Z,0,2.0,0,0,0,0,0,0,0,3.0
2021-10-26T23:59:59Z,0,2.0,0,0,1.0,0,0,0,0,0
2021-10-27T23:59:59Z,0,2.0,0,0,0,0,0,0,0,1.0
2021-10-28T23:59:59Z,0,2.0,0,0,0,0,0,0,0,2.0
2021-10-29T23:59:59Z,0,2.0,0,0,1.0,0,0,0,0,0
2021-10-30T23:59:59Z,0,2.0,0,0,1.0,0,0,0,0,0
2021-10-31T23:59:59Z,0,2.0,0,0,0,0,0,0,0,1.0
2021-11-01T23:59:59Z,0,2.0,0,0,0,0,0,0,0,1.0
2021-11-02T23:59:59Z,0,2.0,0,0,0,0,0,0,0,1.0
2021-11-03T23:59:59Z,0,2.0,0,0,0,0,0,0,0,3.0
2021-11-04T23:59:59Z,0,2.0,0,0,0,0,0,0,0,2.0
2021-11-05T23:59:59Z,0,2.0,0,0,1.0,0,0,0,0,0
2021-11-06T23:59:59Z,0,2.0,0,0,0,0,0,0,0,1.0
2021-11-07T23:59:59Z,0,2.0,0,0,1.0,1.0,0,0,0,0
2021-11-08T23:59:59Z,0,2.0,0,0,1.0,0,0,0,0,0
2021-11-09T23:59:59Z,0,2.0,0,0,1.0,0,0,0,0,0
2021-11-10T23:59:59Z,0,2.0,0,0,1.0,0,0,0,0,0
2021-11-11T23:59:59Z,0,2.0,0,0,0,0,0,0,0,1.0
2021-11-12T23:59:59Z,0,2.0,0,0,1.0,0,0,0,0,0
2021-11-13T23:59:59Z,0,2.0,0,0,1.0,0,0,0,0,1.0
2021-11-14T23:59:59Z,0,2.0,0,0,0,0,0,0,0,2.0
2021-11-15T23:59:59Z,0,2.0,0,0,0,0,0,0,0,1.0
2021-11-16T23:59:59Z,0,2.0,0,0,0,0,0,0,0,1.0
2021-11-17T23:59:59Z,0,2.0,0,0,1.0,0,0,0,0,0
2021-11-18T23:59:59Z,0,2.0,0,0,1.0,0,0,0,0,0
2021-11-19T23:59:59Z,0,2.0,0,0,1.0,0,0,0,0,0
2021-11-20T23:59:59Z,0,2.0,0,0,1.0,0,0,0,0,0
2021-11-21T23:59:59Z,0,2.0,0,0,1.0,0,0,0,0,0
2021-11-22T23:59:59Z,0,2.0,0,0,1.0,0,0,0,0,0
2021-11-23T23:59:59Z,0,2.0,0,0,1.0,0,0,0,0,0
2021-11-24T23:59:59Z,0,2.0,0,0,0,0,0,0,0,1.0
2021-11-25T23:59:59Z,0,2.0,0,0,1.0,0,0,0,0,0
2021-11-26T23:59:59Z,0,2.0,0,0,1.0,0,0,0,0,0
2021-11-27T23:59:59Z,0,2.0,0,0,1.0,0,0,0,0,0
2021-11-28T23:59:59Z,0,2.0,0,0,0,0,0,0,0,0
2021-11-29T23:59:59Z,0,2.0,0,0,0,0,0,0,0,0
2021-11-30T23:59:59Z,0,2.0,0,0,0,0,0,0,0,1.0
2021-12-01T23:59:59Z,0,2.0,0,0,1.0,0,0,0,0,0
2021-12-02T23:59:59Z,0,2.0,0,0,0,0,0,0,0,0
2021-12-03T23:59:59Z,0,2.0,0,0,0,0,0,0,0,0
2021-12-04T23:59:59Z,0,2.0,0,0,0,0,0,0,0,0
2021-12-05T23:59:59Z,0,2.0,0,0,0,0,0,0,0,0
2021-12-06T23:59:59Z,0,2.0,0,0,0,0,0,0,0,0
2021-12-07T23:59:59Z,0,2.0,0,0,1.0,0,0,0,0,1.0
2021-12-08T23:59:59Z,0,2.0,0,0,1.0,0,0,0,0,0
2021-12-09T23:59:59Z,0,2.0,0,0,1.0,0,0,0,0,0
2021-12-10T23:59:59Z,0,2.0,0,0,1.0,0,0,0,0,0
2021-12-11T23:59:59Z,0,2.0,0,0,0,0,0,0,0,1.0
2021-12-12T23:59:59Z,0,2.0,0,0,0,0,0,0,0,1.0
2021-12-13T23:59:59Z,0,2.0,0,0,0,0,0,0,0,2.0
2021-12-14T23:59:59Z,0,2.0,0,0,0,0,0,0,0,1.0
2021-12-15T23:59:59Z,0,2.0,0,0,0,0,0,0,0,0
2021-12-16T23:59:59Z,0,2.0,0,0,0,0,0,0,0,0
2021-12-17T23:59:59Z,0,2.0,0,0,0,0,0,0,0,0
2021-12-18T23:59:59Z,0,2.0,0,0,0,0,0,0,0,0
2021-12-19T23:59:59Z,0,2.0,0,0,0,0,0,0,0,0
2021-12-20T23:59:59Z,0,2.0,0,0,0,0,0,0,0,0
2021-12-21T23:59:59Z,0,2.0,0,0,0,0,0,0,0,0
2021-12-22T23:59:59Z,0,2.0,0,0,0,0,0,0,0,0
2021-12-23T23:59:59Z,0,2.0,0,0,0,0,0,0,0,0
2021-12-24T23:59:59Z,0,2.0,0,0,0,0,0,0,0,0
2021-12-25T23:59:59Z,0,2.0,0,0,0,0,0,0,0,0
2021-12-26T23:59:59Z,0,2.0,0,0,0,0,0,0,0,0
2021-12-27T23:59:59Z,0,2.0,0,0,0,0,0,0,0,0
2021-12-28T23:59:59Z,0,2.0,0,0,0,0,0,0,0,0
2021-12-29T23:59:59Z,0,2.0,0,0,0,0,0,0,0,1.0
2021-12-30T23:59:59Z,0,2.0,0,0,1.0,0,0,0,0,0
2021-12-31T23:59:59Z,0,2.0,0,0,0,0,0,0,0,1.0
2022-01-01T23:59:59Z,0,2.0,0,0,1.0,0,0,0,0,0
2022-01-02T23:59:59Z,0,2.0,0,0,0,0,0,0,0,2.0
2022-01-03T23:59:59Z,0,2.0,0,0,1.0,1.0,0,0,0,1.0
2022-01-04T23:59:59Z,0,2.0,0,0,1.0,0,0,0,0,2.0
2022-01-05T23:59:59Z,0,2.0,0,0,1.0,1.0,0,0,0,2.0
2022-01-06T23:59:59Z,0,2.0,0,0,1.0,0,0,0,0,2.0
2022-01-07T23:59:59Z,0,2.0,0,0,1.0,0,0,0,0,2.0
2022-01-08T23:59:59Z,0,2.0,0,0,1.0,0,0,0,0,2.0
2022-01-09T23:59:59Z,0,2.0,0,0,1.0,1.0,0,0,0,2.0
2022-01-10T23:59:59Z,0,2.0,0,0,1.0,0,0,0,0,1.0
2022-01-11T23:59:59Z,0,2.0,0,0,1.0,0,0,0,0,0
2022-01-12T23:59:58Z,0,0,0,0,0,0,0,0,0,0
2022-01-13T23:59:59Z,0,2.0,0,0,1.0,0,0,0,0,0
2022-01-14T23:59:59Z,0,2.0,0,0,0,0,0,0,0,0
2022-01-15T23:59:59Z,0,2.0,0,0,0,0,0,0,0,0
2022-01-16T23:59:59Z,0,2.0,0,0,0,0,0,0,0,0
2022-01-17T23:59:59Z,0,2.0,0,0,0,1.0,0,0,0,0
2022-01-18T23:59:59Z,0,2.0,0,0,1.0,0,0,0,0,1.0
2022-01-19T23:59:59Z,0,2.0,0,0,1.0,0,0,0,0,0
2022-01-20T23:59:59Z,0,2.0,0,0,1.0,0,0,0,0,0
2022-01-21T23:59:59Z,0,2.0,0,0,1.0,0,0,0,0,0
2022-01-22T23:59:59Z,0,2.0,0,0,1.0,0,0,0,0,0
2022-01-23T23:59:59Z,0,2.0,0,0,1.0,0,0,0,0,0
2022-01-24T23:59:59Z,0,2.0,0,0,1.0,0,0,0,0,0
2022-01-25T23:59:59Z,0,2.0,0,0,1.0,1.0,0,0,0,1.0
2022-01-26T23:59:59Z,0,2.0,0,0,1.0,1.0,0,0,0,1.0
2022-01-27T23:59:59Z,0,2.0,0,0,1.0,1.0,0,0,0,0
2022-01-28T23:59:59Z,0,2.0,0,0,1.0,0,0,0,0,0
2022-01-29T23:59:59Z,0,0,0,0,1.0,1.0,0,0,0,0
2022-01-30T23:59:59Z,0,0,0,0,1.0,0,0,0,0,0
2022-01-31T23:59:59Z,0,0,0,0,1.0,0,0,0,0,0
2022-02-01T23:59:59Z,0,0,0,0,1.0,0,0,0,0,0
2022-02-02T23:59:59Z,0,0,0,0,1.0,0,0,0,0,0
2022-02-03T23:59:59Z,0,0,0,0,1.0,0,0,0,0,0
2022-02-04T23:59:59Z,0,0,0,0,1.0,0,0,0,0,0
2022-02-05T23:59:59Z,0,0,0,0,1.0,0,0,0,0,1.0
2022-02-06T23:59:59Z,0,0,0,0,1.0,0,0,0,0,0
2022-02-07T23:59:59Z,0,0,0,0,0,1.0,0,0,0,1.0
2022-02-08T23:59:59Z,0,0,0,0,0,0,0,0,0,0
2022-02-09T23:59:59Z,0,0,0,0,0,0,0,0,0,0
2022-02-10T23:59:59Z,0,0,0,0,0,0,0,0,0,0
2022-02-11T23:59:59Z,0,0,0,0,0,0,0,0,0,0
2022-02-12T23:59:59Z,0,0,0,0,0,1.0,0,0,0,0
2022-02-13T23:59:59Z,0,0,0,0,0,0,0,0,0,0
2022-02-14T23:59:59Z,0,0,0,0,0,1.0,0,0,0,0
2022-02-15T23:59:59Z,0,0,0,0,0,0,0,0,0,0
2022-02-16T23:59:59Z,0,0,0,0,0,0,0,0,0,0
2022-02-17T23:59:59Z,0,0,0,0,0,0,0,0,0,0
2022-02-18T23:59:59Z,0,0,0,0,0,0,0,0,0,0
2022-02-19T23:59:59Z,0,0,0,0,0,0,0,0,0,0
2022-02-20T23:59:59Z,0,0,0,0,0,0,0,0,0,0
2022-02-21T23:59:59Z,0,0,0,1.0,0,0,0,0,0,0
2022-02-22T23:59:59Z,0,0,0,1.0,0,0,0,0,0,0
2022-02-23T23:59:59Z,0,0,0,0,0,0,0,0,0,0
2022-02-24T23:59:59Z,0,0,0,1.0,0,0,0,0,0,0
2022-02-25T23:59:59Z,0,0,0,1.0,0,0,0,0,0,0
2022-02-26T23:59:59Z,0,0,0,0,0,1.0,0,0,0,0
2022-02-27T23:59:59Z,0,0,0,0,0,0,0,0,0,1.0
2022-02-28T23:59:59Z,0,0,0,0,0,0,0,0,0,0
2022-03-01T23:59:59Z,0,0,0,0,0,1.0,0,0,0,0
2022-03-02T23:59:59Z,0,0,0,0,0,0,0,0,0,0
2022-03-03T23:59:59Z,0,0,0,0,0,1.0,0,0,0,0
2022-03-04T23:59:59Z,0,0,0,0,0,0,0,0,0,0
2022-03-05T23:59:59Z,0,0,0,0,0,0,0,0,0,0
2022-03-06T23:59:59Z,0,0,0,0,0,0,0,0,0,0
2022-03-07T00:00:06Z,0,0,0,0,0,0,0,0,0,0
2022-03-08T23:59:59Z,0,0,0,0,0,1.0,0,0,0,0
2022-03-09T00:00:07Z,0,0,0,0,0,0,0,0,0,0
2022-03-07T00:00:06Z,0,0,0,0,0,0,0,0,0,0
2022-03-08T23:59:59Z,0,0,0,0,0,1.0,0,0,0,0
2022-03-09T23:00:07Z,0,0,0,0,0,0,0,0,0,0
2022-03-10T23:00:06Z,0,0,0,0,0,0,0,0,0,0
2022-03-11T23:00:08Z,0,0,0,0,0,0,0,0,0,0
2022-03-12T23:00:09Z,0,0,0,0,0,0,0,0,0,0
2022-03-13T23:00:07Z,0,0,0,1.0,0,0,0,0,0,0
2022-03-14T23:00:07Z,0,0,0,0,0,0,0,0,0,0
2022-03-15T23:00:07Z,0,0,0,0,0,0,0,0,0,0
2022-03-16T23:00:11Z,0,0,0,1.0,0,0,0,0,0,0
2022-03-17T23:00:07Z,0,0,0,0,0,0,0,0,0,0
2022-03-18T23:00:07Z,0,0,0,0,0,0,0,0,0,0
2022-03-19T23:00:07Z,0,0,0,0,0,0,0,0,0,0
2022-03-20T23:00:10Z,0,0,0,0,0,0,0,0,0,0
2022-03-21T23:00:08Z,0,0,0,0,0,0,0,0,0,2.0
2022-03-22T23:00:09Z,0,0,0,0,0,1.0,0,0,0,0
2022-03-23T23:00:08Z,0,0,0,0,0,0,0,0,0,0
2022-03-24T23:00:09Z,0,0,0,0,0,0,0,0,0,0
2022-03-25T23:00:11Z,0,0,0,0,0,1.0,0,0,0,0
2022-03-26T23:00:09Z,0,0,0,2.0,0,0,0,0,0,0
2022-03-27T23:00:08Z,0,0,0,2.0,0,0,0,0,0,0
2022-03-28T22:00:09Z,0,0,0,2.0,0,1.0,0,0,0,0
2022-03-29T22:00:12Z,0,0,0,2.0,0,1.0,0,0,0,1.0
2022-03-30T22:00:11Z,0,0,0,1.0,0,0,0,0,0,0
2022-03-31T22:00:12Z,0,0,0,0,0,0,0,0,0,0
2022-04-01T22:00:11Z,0,0,0,0,0,1.0,0,0,0,0
2022-04-02T22:00:12Z,0,0,0,0,0,0,0,0,0,0
2022-04-03T22:00:08Z,0,0,0,0,0,0,0,0,0,1.0
2022-04-04T22:00:10Z,0,0,0,0,0,0,0,0,0,1.0
2022-04-05T22:00:10Z,0,0,0,0,0,1.0,0,0,0,0
2022-04-06T22:00:11Z,0,0,0,0,0,0,0,0,0,0
2022-04-07T22:00:11Z,0,0,0,0,0,0,0,0,0,0
2022-04-08T22:00:09Z,0,0,0,0,0,1.0,0,0,0,0
2022-04-09T22:00:11Z,0,0,0,0,0,0,0,0,0,0
2022-04-10T22:00:09Z,0,0,0,0,0,1.0,0,0,0,0
2022-04-11T22:00:08Z,0,0,0,0,0,0,0,0,0,0
2022-04-12T22:00:09Z,0,0,0,0,0,0,0,0,0,0
2022-04-13T22:00:12Z,0,0,0,0,0,1.0,0,0,0,0
2022-04-14T22:00:08Z,0,0,0,0,0,1.0,0,0,0,0
2022-04-15T22:00:08Z,0,0,0,0,0,0,0,0,0,0
2022-04-16T22:00:09Z,0,0,0,0,0,0,0,0,0,0
2022-04-17T22:00:12Z,0,0,0,0,0,0,0,0,0,0
2022-04-18T22:00:08Z,0,0,0,0,0,1.0,0,0,0,0
2022-04-19T22:00:09Z,0,0,0,0,0,0,0,0,0,0
2022-04-20T22:00:09Z,0,0,0,0,0,0,0,0,0,0
2022-04-21T22:00:10Z,0,0,0,0,0,0,0,0,0,0
2022-04-22T22:00:09Z,0,0,0,0,0,1.0,0,0,0,0
2022-04-23T22:00:09Z,0,0,0,0,0,0,0,0,0,0
2022-04-24T22:00:11Z,0,0,0,0,0,1.0,0,0,0,0
2022-04-25T22:00:10Z,0,0,0,0,0,0,0,0,0,0
2022-04-26T22:00:11Z,0,0,0,0,0,0,0,0,0,0
2022-04-27T22:00:11Z,0,0,0,0,0,0,0,0,0,1.0
2022-04-28T22:00:10Z,0,0,0,0,0,0,0,0,0,0
2022-04-29T22:00:10Z,0,0,0,0,0,1.0,0,0,0,0
2022-04-30T22:00:12Z,0,0,0,0,0,1.0,0,0,0,0
2022-05-01T22:00:10Z,0,0,0,0,0,0,0,0,0,0
2022-05-02T22:00:12Z,0,0,0,0,0,0,0,0,0,0
2022-05-03T22:00:10Z,0,0,0,0,0,0,0,0,0,0
2022-05-04T22:00:10Z,0,0,0,0,0,0,0,0,0,0
2022-05-05T22:00:07Z,0,0,0,0,0,0,0,0,0,0
2022-05-06T22:03:36Z,0,0,0,0,0,1.0,0,0,0,0
2022-05-07T22:00:10Z,0,0,0,0,0,0,0,0,0,0
2022-05-08T22:00:10Z,0,0,0,0,0,0,0,0,0,0
2022-05-09T22:00:09Z,0,0,0,0,0,1.0,0,0,0,0
2022-05-10T22:00:10Z,0,0,0,0,0,1.0,0,0,0,0
2022-05-11T22:00:08Z,0,0,0,0,0,0,0,0,0,0
2022-05-12T22:00:11Z,0,0,0,0,0,1.0,0,0,0,0
2022-05-13T22:00:10Z,0,0,0,0,0,0,0,0,0,0
2022-05-14T22:00:10Z,0,0,0,0,0,0,0,0,0,0
2022-05-15T22:00:10Z,0,0,0,0,0,1.0,0,0,0,0
2022-05-16T22:00:12Z,0,0,0,0,0,0,0,0,0,0
2022-05-17T22:00:10Z,0,0,0,0,0,0,0,0,0,0
2022-05-18T22:00:08Z,0,0,0,0,0,0,0,0,0,1.0
2022-05-19T22:00:10Z,0,0,0,0,0,0,0,0,0,0
2022-05-20T22:00:11Z,0,0,0,0,0,1.0,0,0,0,0
2022-05-21T22:00:10Z,0,0,0,0,0,1.0,0,0,0,0
2022-05-22T22:00:09Z,0,0,0,0,0,0,0,0,0,0
2022-05-23T21:59:59Z,0,0,0,0,0,1.0,0,0,0,0
2022-05-24T22:00:09Z,0,0,0,0,0,0,0,0,0,0
2022-05-25T22:00:08Z,0,0,0,0,0,0,0,0,0,0
2022-05-26T22:00:09Z,0,0,0,0,0,0,0,0,0,0
2022-05-27T22:00:09Z,0,0,0,0,0,0,0,0,0,0
2022-05-28T22:00:11Z,0,0,0,0,0,0,0,0,0,1.0
2022-05-29T22:00:10Z,0,0,0,0,0,1.0,0,0,0,0
2022-05-30T22:00:12Z,0,0,0,0,0,1.0,0,0,0,0
2022-05-31T22:00:09Z,0,0,0,0,0,1.0,0,0,0,0
2022-06-01T22:00:10Z,0,0,0,0,0,0,0,0,0,0
2022-06-02T22:00:10Z,0,0,0,0,0,1.0,0,0,0,0
2022-06-03T22:00:09Z,0,0,0,0,0,0,0,0,0,0
2022-06-04T22:00:11Z,0,0,0,0,0,1.0,0,0,0,0
2022-06-05T22:00:12Z,0,0,0,0,0,1.0,0,0,0,0
2022-06-06T22:00:10Z,0,0,0,0,0,0,0,0,0,0
2022-06-07T22:00:08Z,0,0,0,0,0,0,0,0,0,0
2022-06-08T22:00:10Z,0,0,0,0,0,1.0,0,0,0,0
2022-06-09T22:00:07Z,0,0,0,0,0,0,0,0,0,0
2022-06-10T22:00:10Z,0,0,0,0,0,0,0,0,0,1.0
2022-06-11T22:00:09Z,0,0,0,0,0,1.0,0,0,0,0
2022-06-12T22:00:12Z,0,0,0,0,0,1.0,0,0,0,0
2022-06-13T22:00:09Z,0,0,0,0,0,0,0,0,0,0
2022-06-14T22:00:10Z,0,0,0,1.0,0,1.0,0,0,0,0
2022-06-15T22:00:12Z,0,0,0,1.0,0,1.0,0,0,0,1.0
2022-06-16T22:00:11Z,0,0,0,1.0,0,1.0,0,0,0,0
2022-06-17T22:00:09Z,0,0,0,1.0,0,1.0,0,0,0,0
2022-06-18T22:00:11Z,0,0,0,1.0,0,1.0,0,0,0,0
2022-06-19T22:00:08Z,0,0,0,1.0,0,0,0,0,0,1.0
2022-06-20T22:00:08Z,0,0,0,1.0,0,0,0,0,0,0
2022-06-21T22:00:08Z,0,0,0,1.0,0,0,0,0,0,1.0
2022-06-22T22:00:10Z,0,0,0,0,0,0,0,0,0,0
2022-06-23T22:00:12Z,0,0,0,0,0,0,0,0,0,0
2022-06-24T22:00:09Z,0,0,0,0,0,0,0,0,0,0
2022-06-25T22:10:35Z,0,0,0,0,0,0,0,0,0,0
2022-06-26T22:00:08Z,0,0,0,0,0,0,0,0,0,0
2022-06-27T22:00:12Z,0,0,0,0,0,0,0,0,0,0
2022-06-28T22:00:10Z,0,0,0,0,0,0,0,0,0,0
2022-06-29T22:00:11Z,0,0,0,0,0,0,0,0,0,0
2022-06-30T22:00:10Z,0,0,0,0,0,0,0,0,0,0
2022-07-01T22:00:10Z,0,0,0,0,0,0,0,0,0,0
2022-07-02T22:10:43Z,0,0,0,0,0,0,0,0,0,0
2022-07-03T22:00:08Z,0,0,0,0,0,0,0,0,0,0
2022-07-04T22:00:07Z,0,0,0,0,0,0,0,0,0,0
2022-07-05T22:00:12Z,0,0,0,0,0,0,0,0,0,0
2022-07-06T22:00:08Z,0,0,0,0,0,0,0,0,0,0
2022-07-07T22:00:11Z,0,0,0,0,0,0,0,0,0,0
2022-07-08T22:00:10Z,0,0,0,0,0,0,0,0,0,0
2022-07-09T22:00:10Z,0,0,0,0,0,0,0,0,0,0
2022-07-10T22:00:12Z,0,0,0,0,0,0,0,0,0,0
2022-07-11T22:00:11Z,0,0,0,0,0,0,0,0,0,0
2022-07-12T22:00:09Z,0,0,0,0,0,0,0,0,0,0
2022-07-13T22:00:12Z,0,0,0,0,0,0,0,0,0,0
2022-07-14T22:00:11Z,0,0,0,0,0,0,0,0,0,0
2022-07-15T22:00:10Z,0,0,0,0,0,0,0,0,0,0
2022-07-16T22:00:09Z,0,0,0,0,0,0,0,0,0,0
2022-07-17T22:00:10Z,0,0,0,0,0,0,0,0,0,0
2022-07-18T22:00:12Z,0,0,0,0,0,0,0,0,0,0
2022-07-19T22:00:10Z,0,0,0,0,0,0,0,0,0,0
2022-07-20T22:00:10Z,0,0,0,0,0,0,0,0,0,0
2022-07-21T22:00:09Z,0,0,0,0,0,0,0,0,0,0
2022-07-22T22:00:11Z,0,0,0,0,0,0,0,0,0,0
2022-07-23T22:00:08Z,0,0,0,0,0,0,0,0,0,0
2022-07-24T22:00:11Z,0,0,0,0,0,0,0,0,0,0
2022-07-25T22:00:09Z,0,0,0,0,0,0,0,0,0,0
2022-07-26T22:00:11Z,0,0,0,0,0,0,0,0,0,1.0
2022-07-27T22:00:08Z,0,0,0,0,0,0,0,0,0,0
2022-07-28T22:00:10Z,0,0,0,0,0,0,0,0,0,1.0
2022-07-29T22:00:08Z,0,0,0,0,0,0,0,0,0,1.0
2022-07-30T22:00:08Z,0,0,0,0,0,0,0,0,0,0
2022-07-31T22:00:09Z,0,0,0,0,0,0,0,0,0,0
2022-08-01T22:00:07Z,0,0,0,0,0,0,0,0,0,0
2022-08-02T21:12:59Z,0,0,0,0,0,0,0,0,0,1.0
2022-08-03T22:00:12Z,0,0,0,0,0,0,0,0,0,0
2022-08-04T22:00:11Z,0,0,0,0,0,0,0,0,0,0
2022-08-05T22:00:10Z,0,0,0,0,0,0,0,0,0,0
2022-08-06T22:00:10Z,0,0,0,0,0,0,0,0,0,0
2022-08-07T22:00:10Z,0,0,0,0,0,0,0,0,0,0
2022-08-08T22:00:09Z,0,0,0,0,0,0,0,0,0,0
2022-08-09T22:00:11Z,0,0,0,0,0,0,0,0,0,0
2022-08-10T22:00:11Z,0,0,0,0,0,0,0,0,0,0
2022-08-11T22:00:09Z,0,0,0,0,0,0,0,0,0,0
2022-08-12T22:00:10Z,0,0,0,0,0,0,0,0,0,0
2022-08-13T22:00:10Z,0,0,0,0,0,0,0,0,0,0
2022-08-14T22:00:08Z,0,0,0,0,0,0,0,0,0,0
2022-08-15T22:00:12Z,0,0,0,0,0,0,0,0,0,0
2022-08-16T22:00:10Z,0,0,0,0,0,0,0,0,0,0
2022-08-17T22:00:12Z,0,0,0,0,0,0,0,0,0,0
2022-08-18T22:00:07Z,0,0,0,0,0,0,0,0,0,0
2022-08-19T22:00:10Z,0,0,0,0,0,0,0,0,0,0
2022-08-20T22:00:10Z,0,0,0,0,0,0,0,0,0,0
2022-08-21T22:00:08Z,0,0,0,0,0,0,0,1.0,0,1.0
2022-08-22T22:00:10Z,0,0,0,0,0,0,0,1.0,0,2.0
2022-08-23T22:00:09Z,0,0,0,0,0,0,0,1.0,0,1.0
2022-08-24T22:00:10Z,0,0,0,0,0,0,0,1.0,0,0
2022-08-25T22:00:12Z,0,0,0,0,0,0,0,1.0,0,0
2022-08-26T22:00:08Z,0,0,0,0,0,0,0,1.0,0,1.0
2022-08-27T22:00:08Z,0,0,0,0,0,0,0,1.0,0,0
2022-08-28T22:00:11Z,0,0,0,0,0,0,0,1.0,0,0
2022-08-29T22:00:09Z,0,0,0,0,0,0,0,1.0,0,0
2022-08-30T22:00:12Z,0,0,0,0,0,0,0,1.0,0,0
2022-08-31T22:00:08Z,0,0,0,0,0,0,0,1.0,0,0
2022-09-01T22:00:10Z,0,0,0,0,0,0,0,1.0,0,0
2022-09-02T22:04:56Z,0,0,0,0,0,0,0,1.0,0,0
2022-09-03T22:00:10Z,0,0,0,0,0,0,0,1.0,0,0
2022-09-04T22:00:11Z,0,0,0,0,0,0,0,1.0,0,0
2022-09-05T22:00:12Z,0,0,0,0,0,0,0,1.0,0,0
2022-09-06T22:00:09Z,0,0,0,0,0,0,0,1.0,0,0
2022-09-07T22:00:10Z,0,0,0,0,0,0,0,1.0,0,0
2022-09-08T21:41:43Z,0,0,0,0,0,0,0,1.0,0,0
2022-09-09T22:00:10Z,0,0,0,0,0,0,0,1.0,0,0
2022-09-10T22:00:10Z,0,0,0,0,0,0,0,1.0,0,0
2022-09-11T22:15:06Z,0,0,0,0,0,0,0,1.0,0,0
2022-09-12T22:00:08Z,0,0,0,0,0,0,0,1.0,0,0
2022-09-13T22:00:08Z,0,0,0,0,0,0,0,1.0,0,0
2022-09-14T22:00:10Z,0,0,0,0,0,0,0,1.0,0,1.0
2022-09-15T22:00:12Z,0,0,0,0,0,0,0,1.0,0,0
2022-09-16T22:00:10Z,0,0,0,0,0,0,0,1.0,0,0
2022-09-17T22:00:10Z,0,0,0,0,0,0,0,1.0,0,0
2022-09-18T22:00:12Z,0,0,0,0,0,0,0,1.0,0,0
2022-09-19T22:00:10Z,0,0,0,0,0,0,0,1.0,0,0
2022-09-20T22:00:07Z,0,0,0,0,0,0,0,1.0,0,0
2022-09-21T22:00:10Z,0,0,0,0,0,0,0,1.0,0,0
2022-09-22T22:00:09Z,0,0,0,0,0,0,0,1.0,0,0
2022-09-23T22:00:10Z,0,0,0,0,0,0,0,1.0,0,0
2022-09-24T22:00:08Z,0,0,0,0,0,0,0,1.0,0,1.0
2022-09-25T22:00:07Z,0,0,0,0,0,0,0,1.0,0,0
2022-09-26T22:00:10Z,0,0,0,0,0,0,0,1.0,0,0
2022-09-27T22:00:09Z,0,0,0,0,0,0,0,1.0,0,0
2022-09-28T22:00:12Z,0,0,0,0,0,0,0,1.0,0,0
2022-09-29T22:00:12Z,0,0,0,0,0,0,0,1.0,0,0
2022-09-30T22:00:12Z,0,0,0,0,0,0,0,1.0,0,0
2022-10-01T22:00:12Z,0,0,0,0,0,0,0,1.0,0,0
2022-10-02T22:00:12Z,0,0,0,0,0,0,0,1.0,0,0
2022-10-03T22:00:07Z,0,0,0,0,0,0,0,1.0,0,0
2022-10-04T22:00:12Z,0,0,0,0,0,0,0,1.0,0,0
2022-10-05T22:00:10Z,0,0,0,0,0,0,0,1.0,0,0
2022-10-06T22:00:19Z,0,0,0,0,0,0,0,1.0,0,0
2022-10-07T22:00:09Z,0,0,0,0,0,0,0,1.0,0,0
2022-10-08T22:00:10Z,0,0,0,0,0,0,0,1.0,0,0
2022-10-09T22:00:09Z,0,0,0,0,0,0,0,1.0,0,0
2022-10-10T22:00:11Z,0,0,0,0,0,0,0,1.0,0,0
2022-10-11T22:00:12Z,0,0,0,0,0,0,0,1.0,0,1.0
2022-10-12T22:00:09Z,0,0,0,0,0,0,0,1.0,0,0
2022-10-13T22:00:12Z,0,0,0,0,0,0,0,1.0,0,0
2022-10-14T22:00:10Z,0,0,0,0,0,0,0,1.0,0,0
2022-10-15T22:00:10Z,0,0,0,0,0,0,0,1.0,0,0
2022-10-16T22:03:57Z,0,0,0,0,0,0,0,1.0,0,0
2022-10-17T22:00:11Z,0,0,0,0,0,0,0,1.0,0,0
2022-10-18T22:00:09Z,0,0,0,0,0,0,0,1.0,0,0
2022-10-19T22:00:12Z,0,0,0,0,0,0,0,1.0,0,1.0
2022-10-20T22:00:11Z,0,0,0,0,0,0,0,1.0,0,0
2022-10-21T22:00:10Z,0,0,0,0,0,0,0,0,0,0
2022-10-22T22:00:10Z,0,0,0,0,0,0,0,0,0,0
2022-10-23T22:00:07Z,0,0,0,0,0,0,0,0,0,0
2022-10-24T22:00:12Z,0,0,0,0,0,0,0,0,0,0
2022-10-25T22:00:12Z,0,0,0,0,0,0,0,0,0,0
2022-10-26T22:00:09Z,0,0,0,0,0,0,0,0,0,0
2022-10-27T22:00:08Z,0,0,0,0,0,0,0,0,0,0
2022-10-28T22:00:09Z,0,0,0,0,0,0,0,0,0,0
2022-10-29T22:00:10Z,0,0,0,0,0,0,0,0,0,0
2022-10-30T22:00:08Z,0,0,0,0,0,0,0,0,0,0
2022-10-31T23:00:08Z,0,0,0,0,0,0,0,0,0,0
2022-11-01T23:00:07Z,0,0,0,0,0,0,0,0,0,0
2022-11-02T23:00:07Z,0,0,0,0,0,0,0,0,0,0
2022-11-03T23:00:07Z,0,0,0,0,0,0,0,0,0,0
2022-11-04T23:00:07Z,0,0,0,0,0,0,0,0,0,0
2022-11-05T23:00:07Z,0,0,0,0,0,0,0,0,0,0
2022-11-06T23:00:07Z,0,0,0,0,0,0,0,0,0,0
2022-11-07T23:00:08Z,0,0,0,0,0,0,0,0,0,0
2022-11-08T23:00:07Z,0,0,0,0,0,0,0,0,0,0
2022-11-09T23:00:08Z,0,0,0,0,0,0,0,0,0,0
